00000096.jpg,407.6788,63.204617,-93.5378,414.96725,50.046078,-57.21999,419.18674,50.26051,-57.248783,424.048,50.692238,-57.131004,399.21014,50.499935,-62.375282,394.3103,50.972218,-62.36409,388.89545,51.58717,-62.162113,430.5419,60.728107,101.33014,382.0724,60.867107,77.399864,417.10104,79.178986,-37.792862,397.8504,80.44149,-44.508095,470.95938,149.21121,132.10097,345.37958,154.0345,89.950386,517.49774,220.70474,-25.91318,295.40063,226.28749,-69.987274,426.91373,211.10106,-207.07724,392.6961,211.42961,-215.595,412.78485,187.12743,-248.22739,406.13803,188.39616,-250.19191,412.8923,184.22745,-215.04088,404.59262,186.36742,-228.9578,414.86407,194.41632,-197.74947,402.1363,196.92148,-207.15608,451.3208,320.22687,4.1662717,368.4925,318.78354,-4.071779,577.2726,373.92624,-252.48264,247.69955,381.15283,-270.07715,556.3936,493.69406,71.60353,255.68895,497.9048,36.090557,540.3124,513.3861,100.41754,270.82755,519.3104,63.697475,611.65314,528.989,-0.9848088,200.31195,536.33575,-47.228287
,,,,,,,,,,,,,,,,,,,,,,,,,,,,,,,,,,,,,,,,,,,,,,,,,,,,,,,,,,,,,,,,,,,,,,,,,,,,,,,,,,,,,,,,,,,,,,,,,,,
00000097.jpg,263.78992,74.27127,-95.98906,269.47946,67.131165,-87.025345,272.10663,67.05121,-87.03477,274.86053,67.120804,-86.96498,264.19275,67.09515,-77.90022,262.95178,66.886955,-77.90015,261.8583,66.712036,-77.81524,283.79294,71.51008,-33.153893,267.26425,69.53341,6.684638,269.97305,81.7465,-76.50878,264.05106,80.827736,-64.995,305.14832,108.35079,-37.188114,253.88133,114.61267,50.950104,296.85135,157.62408,-101.27538,222.563,162.22684,-51.927788,257.52945,130.90924,-147.06152,248.49524,130.91519,-190.01968,249.46718,118.84297,-163.50908,247.9533,116.114746,-208.3926,254.20625,116.23697,-154.24303,252.96587,114.48057,-191.292,257.66736,120.59314,-143.9243,254.89285,120.042206,-185.90579,313.27835,195.67407,-23.440031,276.16544,197.39221,23.52457,353.34952,209.2394,-251.64902,210.60234,206.2265,-119.3741,363.0867,293.60553,-200.50047,227.4802,275.1187,-40.821342,356.53946,303.84625,-195.70694,236.95992,286.77313,-33.30963,378.5949,317.7834,-273.95087,198.4166,290.2187,-84.53159
,,,,,,,,,,,,,,,,,,,,,,,,,,,,,,,,,,,,,,,,,,,,,,,,,,,,,,,,,,,,,,,,,,,,,,,,,,,,,,,,,,,,,,,,,,,,,,,,,,,
00000100.jpg,458.84714,379.58502,-118.6948,442.8677,370.8166,-101.856384,441.06537,371.4552,-101.867355,439.1579,372.30685,-101.89157,442.56628,372.44586,-126.1111,440.55707,374.13525,-126.18373,438.3212,376.06473,-126.17343,425.59113,391.59967,-5.4518256,422.50714,394.79736,-118.40457,462.26288,398.66003,-82.40411,460.93503,399.59015,-114.5414,494.1352,439.34854,15.240611,394.54736,518.04565,-75.72751,513.1901,536.23865,122.82313,396.63367,628.1061,-38.523712,544.7236,607.81384,186.39201,434.35043,687.7523,1.2025795,549.7778,619.74194,184.65585,441.51013,707.3885,-4.2720766,550.9884,618.99835,158.65509,453.7582,695.12305,-22.085926,546.02686,619.93823,175.21773,453.07733,687.10333,-3.983469,599.3877,642.2569,-2.8205523,512.67957,658.2377,2.8419566,755.452,683.9557,-152.3192,350.9895,687.51575,-179.92928,737.9139,840.49634,7.6159596,362.40405,838.1625,-57.401752,722.4208,867.3766,21.06154,383.12396,867.5037,-49.174557,789.689,882.41345,-57.83655,299.61758,882.1002,-119.84868
,,,,,,,,,,,,,,,,,,,,,,,,,,,,,,,,,,,,,,,,,,,,,,,,,,,,,,,,,,,,,,,,,,,,,,,,,,,,,,,,,,,,,,,,,,,,,,,,,,,
00000101.jpg,872.0813,141.5879,-630.78094,887.88586,113.48585,-570.08386,899.3243,113.74674,-570.156,912.0544,114.13583,-570.08484,851.9379,113.24826,-563.35565,839.12225,113.68217,-563.3234,826.6449,114.56973,-562.5926,926.34814,131.46654,-236.91893,808.4064,133.24704,-209.2661,894.63043,176.85199,-511.44238,849.55206,177.28616,-503.35153,1014.9074,318.93613,-80.283424,727.12335,317.70532,-20.57441,1168.6259,506.5961,-411.44064,581.47815,477.7702,-368.9995,1160.0084,301.8367,-833.53674,559.26245,295.3732,-899.52637,1154.2594,245.66307,-897.5231,567.27454,239.72061,-967.78876,1134.6244,226.74397,-841.35266,591.6251,226.57048,-927.0558,1125.9746,254.04155,-818.05865,599.7511,246.77614,-894.7064,968.677,681.5711,-5.062715,794.9401,685.3523,5.4824653,1218.7085,716.0635,-833.21783,516.6426,707.4288,-753.4212,1150.2941,985.95325,-211.90573,639.0985,954.9479,-110.372604,1111.6614,1028.7732,-158.39888,675.6218,998.74805,-51.446747,1234.2969,1080.1664,-423.69968,516.03455,1027.979,-290.42194
,,,,,,,,,,,,,,,,,,,,,,,,,,,,,,,,,,,,,,,,,,,,,,,,,,,,,,,,,,,,,,,,,,,,,,,,,,,,,,,,,,,,,,,,,,,,,,,,,,,
00000102.jpg,379.4342,126.251015,-205.2142,384.65936,118.81683,-185.93289,388.30045,118.613396,-185.97273,391.5275,118.52457,-185.9393,374.11917,118.81941,-184.96298,370.51782,118.91351,-184.9603,366.35086,119.10399,-184.82062,396.17963,121.57627,-83.68027,362.9102,121.705315,-77.81035,386.121,135.28264,-168.544,372.79755,135.24472,-167.04352,425.96164,167.06137,-18.284204,334.94333,167.87344,-24.345125,494.45224,167.69511,-39.009922,265.2199,177.25954,-28.328815,514.8676,111.50274,-95.48443,249.23807,121.42679,-108.481155,522.6559,97.94157,-111.99666,241.06274,104.13189,-126.213135,517.82336,93.56186,-113.438705,245.45699,99.36127,-140.94931,512.9713,98.274345,-100.4378,251.34184,104.66162,-118.28436,410.9027,282.47888,-2.4236636,350.84348,284.02866,2.5093212,500.09668,297.1794,-184.18057,265.6501,300.49036,-220.78159,501.11328,396.62366,-84.652664,245.78703,395.7415,-106.54168,491.3188,413.27057,-79.45794,254.21199,414.1065,-99.186646,536.3604,419.93005,-181.11261,208.43477,417.8798,-199.11852
,,,,,,,,,,,,,,,,,,,,,,,,,,,,,,,,,,,,,,,,,,,,,,,,,,,,,,,,,,,,,,,,,,,,,,,,,,,,,,,,,,,,,,,,,,,,,,,,,,,
00000103.png,436.69553,314.7562,-253.80779,453.43637,292.0183,-238.2897,462.11343,291.31573,-238.3948,471.96295,290.97537,-238.27258,436.71725,292.77094,-205.1186,434.11792,292.42636,-205.23569,431.2018,292.11133,-205.08144,500.13086,302.1153,-113.566864,443.1953,302.22748,37.419327,456.93396,337.96124,-207.69376,436.55154,336.26157,-164.17982,575.28534,434.18472,-104.3083,396.67874,450.7664,167.06912,548.8949,594.71967,-171.15923,294.95813,601.3225,-6.0971184,419.1879,563.8355,-186.6728,409.67926,565.5926,-320.1291,396.3373,540.38794,-223.3845,426.85504,544.0105,-380.38733,406.8773,525.651,-208.9863,431.1785,530.35547,-343.1117,414.54578,534.1784,-176.39522,427.18164,537.46533,-310.99933,541.86273,742.663,-91.799194,421.93512,741.1807,92.13959,578.52466,809.7091,-790.75684,195.49278,780.63495,-349.96307,547.08026,1080.7789,-641.4617,192.54507,1030.2893,-175.29266,531.83997,1116.5037,-628.4444,212.40913,1075.1628,-162.90472,566.0227,1149.9193,-896.1816,88.81074,1075.0643,-376.46692
,,,,,,,,,,,,,,,,,,,,,,,,,,,,,,,,,,,,,,,,,,,,,,,,,,,,,,,,,,,,,,,,,,,,,,,,,,,,,,,,,,,,,,,,,,,,,,,,,,,
00000104.jpeg,224.53596,172.0657,-122.26746,227.31009,165.89856,-104.75966,230.21658,165.80519,-104.780235,231.90515,165.903,-104.73065,220.14772,166.12764,-105.59084,217.7917,166.13802,-105.581635,215.17265,166.08925,-105.451256,234.543,168.14598,-21.84344,211.05089,168.75986,-25.386393,229.22566,179.05148,-93.36322,220.26363,179.41951,-94.53291,255.36877,203.57365,22.387115,189.00632,205.17978,7.834009,301.81012,209.80597,-8.573102,143.13106,210.06572,-7.363186,314.89267,169.52834,-65.17631,136.42126,167.60294,-54.501225,316.81296,157.18503,-79.10715,132.46304,156.36525,-67.4865,311.94577,155.7714,-72.69834,138.08542,153.96503,-68.206116,309.94186,160.96901,-65.94934,141.91054,158.30247,-57.205162,247.05913,295.02475,-0.51564693,204.78252,295.36774,0.58902967,308.62878,313.68494,-139.52087,141.82172,309.85373,-162.15504,312.0062,377.05765,-14.486148,137.01787,377.33875,-36.161556,305.80087,387.34897,-5.2624655,142.95264,389.01086,-26.154673,336.57632,395.18463,-69.9488,113.374435,395.41827,-89.48455
,,,,,,,,,,,,,,,,,,,,,,,,,,,,,,,,,,,,,,,,,,,,,,,,,,,,,,,,,,,,,,,,,,,,,,,,,,,,,,,,,,,,,,,,,,,,,,,,,,,
00000105.jpg,646.45654,181.04724,-229.15555,658.1933,168.10638,-181.64265,666.6574,168.51553,-181.71092,672.60986,169.24582,-181.5958,637.04785,168.93103,-180.91016,630.38025,169.95558,-180.95341,622.74634,170.90991,-180.76749,687.2359,182.55682,39.21966,618.51294,182.6178,39.718792,660.60614,204.17657,-150.37584,635.4113,205.15158,-150.18694,737.3112,290.43497,91.79302,572.38184,293.42596,106.69568,789.2595,404.72308,-139.83754,515.7805,400.88293,-116.041214,670.20435,382.22482,-468.87393,631.0881,379.033,-410.18982,652.5543,349.4049,-541.52856,643.56415,347.11026,-469.38474,655.26086,340.79773,-501.08157,642.4987,340.061,-441.8774,657.72565,354.3853,-458.84875,639.7183,353.6567,-401.90665,718.3348,523.3181,-15.385346,606.99,525.92194,15.2670145,875.7634,613.375,-388.55536,435.7603,607.5702,-358.82523,900.5876,809.64484,-105.31623,404.00098,802.28546,-95.80149,880.51733,845.5978,-82.200356,420.10474,838.7213,-76.05691,986.29034,847.8482,-259.73355,312.19492,848.47394,-259.2609
,,,,,,,,,,,,,,,,,,,,,,,,,,,,,,,,,,,,,,,,,,,,,,,,,,,,,,,,,,,,,,,,,,,,,,,,,,,,,,,,,,,,,,,,,,,,,,,,,,,
00000106.jpg,288.15897,100.5694,-111.09141,291.42706,96.178116,-94.73912,293.50778,96.10806,-94.774895,295.8332,96.119026,-94.72626,285.1094,96.55422,-95.08323,282.50385,96.78499,-95.067184,280.4823,97.01238,-94.97633,298.93567,98.3033,-18.189941,277.0201,99.884605,-19.228846,292.5695,107.49229,-84.4569,284.27377,108.17124,-84.90425,316.72986,132.08427,22.700884,261.0135,134.26422,9.430405,362.98154,127.84199,0.25851455,213.79333,130.98618,-6.164996,368.9212,87.755325,-36.823208,200.39207,93.89314,-52.55025,372.05817,76.9858,-48.546066,197.21439,83.6365,-67.545265,367.1669,74.326866,-45.75437,200.37605,80.02724,-69.15265,364.9682,79.07047,-38.982803,202.82222,84.35036,-56.348377,307.70996,218.53186,-0.93768084,269.9775,216.94905,1.0070928,369.40887,241.73656,-103.20541,205.90378,239.21931,-113.65592,377.03314,304.87778,11.820713,198.69595,304.04135,-1.3189346,371.26312,314.57208,20.139801,204.3276,314.8046,7.16427,403.7027,318.39536,-34.709,169.99002,316.43942,-46.141068
,,,,,,,,,,,,,,,,,,,,,,,,,,,,,,,,,,,,,,,,,,,,,,,,,,,,,,,,,,,,,,,,,,,,,,,,,,,,,,,,,,,,,,,,,,,,,,,,,,,
00000107.jpg,172.40277,37.73317,-96.55449,171.07501,30.343742,-77.96937,171.9414,30.199615,-78.01519,172.74805,30.096064,-77.97194,167.22568,30.85654,-88.67206,164.84036,31.03066,-88.72293,162.10127,31.23006,-88.64502,166.3214,32.55496,3.4108112,153.46571,34.234364,-45.51468,172.81763,43.967216,-67.859764,166.7482,44.359127,-81.95975,178.79199,68.5911,51.70228,132.39963,69.59718,-61.554237,215.73167,79.73987,129.71387,102.21989,80.94532,-193.4265,239.29008,54.785828,198.81018,79.79315,47.300453,-348.1612,247.39082,44.642944,216.18858,71.04802,36.801716,-373.85388,244.79265,42.325,206.17424,71.858734,30.997017,-379.9553,240.8086,46.66313,195.89001,76.628525,35.582413,-356.3545,165.92712,152.84975,28.232311,134.98445,152.59256,-28.183018,219.6766,172.50221,-93.316895,95.24589,179.0879,-191.30225,210.11197,237.05391,-39.268963,91.12938,251.65678,-135.6917,201.70853,249.30132,-37.435318,96.981186,263.18134,-132.11673,238.24689,248.87132,-98.490074,70.68398,265.96182,-202.44215
,,,,,,,,,,,,,,,,,,,,,,,,,,,,,,,,,,,,,,,,,,,,,,,,,,,,,,,,,,,,,,,,,,,,,,,,,,,,,,,,,,,,,,,,,,,,,,,,,,,
00000108.jpg,285.56305,49.18016,-262.7421,290.14816,40.01462,-241.38336,292.95053,40.341248,-241.47186,295.8626,40.62158,-241.4959,279.32248,39.792564,-243.37965,275.36972,40.034515,-243.37102,271.37375,40.32731,-243.2846,298.34882,46.385143,-126.8087,264.29312,45.73056,-134.90338,290.79865,59.28645,-221.2589,277.64825,59.51439,-223.62408,322.01657,106.496635,-59.524662,232.2636,104.86807,-61.537823,338.75992,171.53325,-37.954548,213.48062,170.72609,-42.919586,393.68152,209.3404,-149.47374,170.44374,204.47227,-147.57018,409.98505,217.84673,-171.37428,155.61191,212.85753,-169.4684,414.10156,211.14873,-206.0553,152.36797,208.20758,-205.87666,407.58887,208.46748,-166.17633,158.97366,205.24075,-165.57071,300.6192,221.27182,1.1396372,242.97801,220.83315,-1.0975083,391.65784,235.10594,-278.62122,168.86993,233.59474,-304.83597,384.8944,333.46786,-91.355576,163.71623,335.87363,-117.766945,373.11285,344.2686,-77.58467,173.29356,345.65833,-103.28994,396.61218,370.89087,-199.45245,152.576,373.1483,-226.88123
,,,,,,,,,,,,,,,,,,,,,,,,,,,,,,,,,,,,,,,,,,,,,,,,,,,,,,,,,,,,,,,,,,,,,,,,,,,,,,,,,,,,,,,,,,,,,,,,,,,
00000111.jpg,577.103,199.77863,-78.95721,568.6417,192.53572,-65.00085,567.3519,192.76341,-65.03635,565.9844,193.10027,-65.04556,568.3413,193.21082,-82.982796,566.8638,193.81714,-83.02178,565.2617,194.51517,-83.01636,554.9543,201.41316,5.6665583,553.0461,202.00845,-78.01338,576.37616,209.70834,-52.44965,575.6473,209.79524,-76.402435,586.0749,229.27837,18.858578,530.573,274.4831,-47.7455,602.6185,286.62054,71.202736,532.1468,333.02444,-45.114506,599.30383,335.67538,76.78584,522.85956,380.8567,-55.546753,606.203,346.12088,71.353264,517.4015,392.33688,-63.405827,606.5792,345.80685,58.811424,517.739,391.4294,-80.255646,603.2476,342.108,70.10583,521.2842,387.5287,-62.811386,651.4146,356.3242,-0.07417195,598.857,363.2094,0.030334065,744.5319,372.28293,-116.84018,504.45862,375.72952,-158.25854,760.6211,470.90207,-19.098204,505.6578,470.80038,-58.06493,753.76355,488.18704,-12.649071,516.539,490.1039,-50.745724,797.6847,494.33414,-86.71637,468.45657,492.37677,-112.51596
,,,,,,,,,,,,,,,,,,,,,,,,,,,,,,,,,,,,,,,,,,,,,,,,,,,,,,,,,,,,,,,,,,,,,,,,,,,,,,,,,,,,,,,,,,,,,,,,,,,
00000112.jpg,196.97292,88.68205,100.555855,192.59155,83.82624,82.11878,189.76196,84.13486,82.061134,186.78575,84.42879,82.13902,200.22435,83.87298,80.74046,202.4478,84.171,80.744865,204.9799,84.53389,80.80968,183.17773,89.75514,22.809353,207.12334,89.21872,17.921936,191.47441,97.20711,84.39503,199.69579,96.47638,82.34577,159.3736,130.95511,-1.3930477,231.6095,131.08083,-6.0276318,102.589424,135.7783,53.203617,289.6469,130.4663,43.521484,101.64556,88.28194,135.1119,293.75702,79.67668,113.30246,97.38869,73.95421,142.59093,294.87125,65.335594,118.37693,106.07889,70.546005,140.64297,285.26984,64.834305,118.95935,111.00702,76.206924,138.72389,282.8278,70.77302,117.00648,175.99815,231.77858,9.730058,217.65817,232.51814,-9.838419,114.37526,264.50842,62.73262,287.5842,258.0054,61.23452,113.885796,332.49588,86.2278,286.75262,330.60947,79.46511,122.55207,344.89902,93.50762,276.53375,345.46558,85.38217,83.911476,348.099,133.43976,312.84515,343.64102,122.676575
,,,,,,,,,,,,,,,,,,,,,,,,,,,,,,,,,,,,,,,,,,,,,,,,,,,,,,,,,,,,,,,,,,,,,,,,,,,,,,,,,,,,,,,,,,,,,,,,,,,
00000113.jpg,753.05255,493.90268,-812.9687,758.2257,482.388,-801.197,762.7203,481.46582,-801.1428,767.618,480.64102,-801.16296,747.7803,482.30182,-797.9687,744.0683,481.46146,-798.06696,740.3021,480.5391,-798.1104,774.7108,478.26648,-671.15295,733.95544,477.5727,-659.0553,762.2817,502.311,-758.3186,745.27124,501.27768,-755.07544,797.4157,500.60535,-545.4338,705.67487,503.89993,-482.2496,761.00397,594.05225,-563.8692,736.905,590.18665,-515.1944,711.4461,659.3775,-620.6271,788.7328,665.97363,-601.7856,702.92926,673.9803,-674.07025,791.84576,683.56445,-641.82416,696.8302,673.70013,-669.98944,801.75946,680.0706,-663.45337,699.63654,668.7615,-620.5077,802.73267,672.6328,-612.4166,808.05383,536.62024,-20.7308,761.5108,555.77356,20.746037,890.95026,519.8367,-391.89688,684.0201,578.58655,-233.55511,905.098,638.33966,-160.70898,706.57837,661.5505,-29.991402,896.5267,648.07043,-141.94504,704.5225,670.7606,-14.478528,918.7594,674.4506,-273.7123,674.7386,691.4008,-129.21768
,,,,,,,,,,,,,,,,,,,,,,,,,,,,,,,,,,,,,,,,,,,,,,,,,,,,,,,,,,,,,,,,,,,,,,,,,,,,,,,,,,,,,,,,,,,,,,,,,,,
00000114.jpg,344.44153,131.50372,-347.24927,350.06174,122.1139,-321.65244,353.38486,121.79729,-321.76056,357.23343,121.64792,-321.74707,339.18304,122.38573,-324.27405,335.1918,122.395935,-324.2383,330.7336,122.27511,-324.14487,361.94934,125.58444,-173.63554,324.02756,126.047104,-184.90524,351.57327,143.73723,-292.54898,338.27588,143.6872,-295.73044,397.1896,178.83543,-80.09781,286.2049,179.04471,-105.29232,465.9868,190.13243,-85.90743,210.02386,190.23924,-108.4057,539.8164,177.56737,-218.64714,134.39626,180.1407,-239.81018,561.9225,171.15242,-245.8752,112.04363,170.55649,-260.4551,560.6518,164.96193,-279.11813,110.39721,164.23729,-306.8295,551.70575,168.55908,-239.80513,117.94812,169.05307,-264.74295,373.41663,324.36813,4.904982,300.68747,325.49472,-4.8805513,465.61078,366.59033,-228.57784,204.18805,369.7559,-251.15483,452.4392,477.41852,-3.11014,207.9596,480.2863,-26.949745,440.56012,494.84952,11.733301,217.30777,500.15652,-11.950813,495.65378,506.098,-101.29825,158.50204,511.12262,-128.32852
,,,,,,,,,,,,,,,,,,,,,,,,,,,,,,,,,,,,,,,,,,,,,,,,,,,,,,,,,,,,,,,,,,,,,,,,,,,,,,,,,,,,,,,,,,,,,,,,,,,
00000115.jpg,944.59045,660.6686,-1325.0352,948.3992,626.7308,-1258.376,960.5925,624.0752,-1258.5859,973.1579,621.74695,-1258.5146,912.68146,636.69385,-1267.5177,898.16345,641.81757,-1267.374,882.3936,648.07825,-1267.0294,988.89087,643.94836,-803.91425,859.7496,679.57465,-842.38635,972.8772,693.0693,-1150.7687,926.93005,708.57935,-1162.208,1121.4792,832.2057,-463.624,753.45874,842.2031,-538.558,1363.7356,836.6593,-383.31808,490.5595,840.0338,-510.56076,1599.5566,817.8904,-715.5755,240.33229,809.31537,-914.6914,1680.757,797.42474,-784.0987,170.89539,782.45154,-987.0523,1688.7899,785.5468,-913.05334,162.40947,775.8487,-1146.3141,1656.3813,799.68164,-784.41547,190.33713,789.7638,-998.1601,1051.8271,1328.5309,8.864029,810.2342,1314.8553,-8.801021,1424.4648,1412.5408,-580.60474,454.69153,1375.3252,-769.52905,1376.476,1747.2458,147.15189,448.49088,1747.6116,-30.809195,1334.1418,1799.69,196.53911,496.9135,1798.9072,25.069868,1503.2225,1867.6934,-141.98268,336.85406,1884.9915,-312.72623
,,,,,,,,,,,,,,,,,,,,,,,,,,,,,,,,,,,,,,,,,,,,,,,,,,,,,,,,,,,,,,,,,,,,,,,,,,,,,,,,,,,,,,,,,,,,,,,,,,,
00000117.jpg,1130.262,157.57593,939.1808,1157.4779,144.01569,1032.1498,1172.6295,148.05775,1032.029,1188.066,153.13806,1032.1559,1114.5331,137.7353,1030.9811,1099.6891,137.7246,1031.1913,1083.8535,138.41321,1032.429,1210.3064,187.88454,1340.5264,1067.1599,166.92224,1344.2719,1156.9741,200.38857,1027.9996,1100.4297,192.23384,1029.8608,1266.5227,417.1244,1159.2504,925.8553,352.42035,1175.1184,1351.3538,690.1635,1243.8063,717.99457,584.5558,1090.7894,1598.7382,857.81525,1104.5353,440.8981,673.5261,856.92535,1669.9447,906.83685,1128.2511,357.54962,691.63043,822.5436,1693.2977,886.3882,994.1351,345.56757,668.81946,709.1959,1664.5472,871.13983,1046.4589,376.6005,670.97614,797.464,1028.0422,832.8722,-29.074202,801.2031,758.9255,28.647104,1433.3939,957.5489,-957.3432,235.5261,751.44305,-664.9512,912.3181,1111.2216,-974.28674,680.0305,1069.3076,-723.54474,857.457,1076.1117,-947.8078,754.8199,1071.794,-715.7303,741.02594,1191.9133,-1157.8013,688.3617,1251.2826,-944.2182
,,,,,,,,,,,,,,,,,,,,,,,,,,,,,,,,,,,,,,,,,,,,,,,,,,,,,,,,,,,,,,,,,,,,,,,,,,,,,,,,,,,,,,,,,,,,,,,,,,,
00000119.jpg,743.3615,238.69412,-272.72012,749.84705,231.2612,-240.38347,754.1619,231.97208,-240.44958,756.7545,232.60384,-240.39464,736.62244,230.72224,-243.23318,732.6846,231.05548,-243.27383,728.5721,231.48347,-243.14471,761.8747,238.89311,-89.707436,721.67847,236.65622,-101.86893,750.79144,251.47159,-219.6587,734.2327,251.04906,-223.39645,785.11694,295.64548,-10.14991,685.6442,293.23288,-63.59907,856.2386,289.06107,-61.28745,610.9072,291.98376,-161.40602,875.36615,224.54208,-185.27286,610.70856,221.84653,-318.97604,881.2826,204.0534,-215.99446,608.3186,200.86726,-358.32773,872.31757,200.17697,-211.37556,616.6718,198.27043,-354.19525,867.41925,209.18135,-190.27316,621.2293,207.06773,-323.87973,764.0858,444.84503,14.270486,700.5662,443.411,-14.14021,839.8231,523.82367,-193.88428,630.69226,523.68164,-194.43262,822.4791,600.8861,132.3033,629.9441,597.79144,120.99791,807.41785,611.50684,160.05382,639.1448,607.5821,149.15755,847.19855,638.0472,52.88659,621.6334,634.4834,42.07146
,,,,,,,,,,,,,,,,,,,,,,,,,,,,,,,,,,,,,,,,,,,,,,,,,,,,,,,,,,,,,,,,,,,,,,,,,,,,,,,,,,,,,,,,,,,,,,,,,,,
00000120.jpg,577.103,199.77863,-78.95721,568.6417,192.53572,-65.00085,567.3519,192.76341,-65.03635,565.9844,193.10027,-65.04556,568.3413,193.21082,-82.982796,566.8638,193.81714,-83.02178,565.2617,194.51517,-83.01636,554.9543,201.41316,5.6665583,553.0461,202.00845,-78.01338,576.37616,209.70834,-52.44965,575.6473,209.79524,-76.402435,586.0749,229.27837,18.858578,530.573,274.4831,-47.7455,602.6185,286.62054,71.202736,532.1468,333.02444,-45.114506,599.30383,335.67538,76.78584,522.85956,380.8567,-55.546753,606.203,346.12088,71.353264,517.4015,392.33688,-63.405827,606.5792,345.80685,58.811424,517.739,391.4294,-80.255646,603.2476,342.108,70.10583,521.2842,387.5287,-62.811386,651.4146,356.3242,-0.07417195,598.857,363.2094,0.030334065,744.5319,372.28293,-116.84018,504.45862,375.72952,-158.25854,760.6211,470.90207,-19.098204,505.6578,470.80038,-58.06493,753.76355,488.18704,-12.649071,516.539,490.1039,-50.745724,797.6847,494.33414,-86.71637,468.45657,492.37677,-112.51596
,,,,,,,,,,,,,,,,,,,,,,,,,,,,,,,,,,,,,,,,,,,,,,,,,,,,,,,,,,,,,,,,,,,,,,,,,,,,,,,,,,,,,,,,,,,,,,,,,,,
00000121.jpg,275.37527,100.66239,172.28365,270.9276,91.697044,140.43976,267.3311,92.0134,140.33015,263.5275,92.28078,140.46837,279.9162,91.379364,141.70938,282.3363,91.55277,141.76491,284.96756,91.75963,141.90604,257.4736,98.12807,38.048923,286.5922,98.18359,46.24424,267.57422,111.86584,144.2049,278.09766,112.11261,145.90234,210.97093,161.40897,-1.299331,323.96027,161.4172,8.199849,123.36597,151.81711,101.01505,406.5584,147.27747,88.85405,126.28871,79.701,255.44673,406.53134,69.54352,186.56837,120.370186,61.18643,273.0775,409.44363,47.26463,192.28526,134.57838,57.485806,265.2698,396.47638,46.466175,194.77501,140.49425,65.44136,259.9857,392.10327,56.65876,192.12862,230.9828,317.50668,18.830805,304.82242,317.99863,-19.144474,131.40533,331.5527,187.30887,409.49716,333.32883,116.828255,114.17447,445.7814,271.71048,423.1094,451.53732,165.55025,121.14821,466.688,288.80942,413.9206,476.01102,177.01494,75.01334,456.64334,357.18518,468.6045,459.1773,231.7276
,,,,,,,,,,,,,,,,,,,,,,,,,,,,,,,,,,,,,,,,,,,,,,,,,,,,,,,,,,,,,,,,,,,,,,,,,,,,,,,,,,,,,,,,,,,,,,,,,,,
00000123.png,300.77554,151.36757,-167.62111,303.36557,144.94664,-148.67073,305.5035,144.8882,-148.71495,307.7077,144.88913,-148.64905,296.10623,144.84682,-157.27557,293.16037,144.66393,-157.2953,289.93396,144.45427,-157.30281,307.19403,147.1103,-62.425465,284.40155,146.53156,-101.140015,304.18353,159.01427,-136.30025,295.50568,158.57222,-147.67224,316.518,174.6491,-28.950483,270.9301,177.41927,-113.91817,326.0082,123.88827,-37.848038,275.67618,122.70606,-191.23224,330.11548,70.082504,-78.02713,278.09973,61.06411,-228.48932,332.17307,53.107376,-99.66913,273.56512,45.318684,-258.90723,327.47647,50.680378,-106.067116,276.48972,44.17373,-255.6395,323.58737,58.05133,-85.80856,280.2648,51.42582,-232.31697,317.72736,277.89154,20.502806,284.17026,284.58942,-20.488203,381.94266,300.0368,-96.87193,233.24995,342.41324,-109.31926,367.36026,350.8745,107.85077,221.50146,404.68466,31.449337,358.01202,359.89523,126.13807,227.24184,413.51712,41.633785,390.2368,365.57883,84.924385,202.18628,433.3466,-38.37471
,,,,,,,,,,,,,,,,,,,,,,,,,,,,,,,,,,,,,,,,,,,,,,,,,,,,,,,,,,,,,,,,,,,,,,,,,,,,,,,,,,,,,,,,,,,,,,,,,,,
00000124.jpg,151.42085,24.147615,-50.716106,154.44043,20.586288,-38.825165,156.22885,20.669918,-38.839615,157.78604,20.89175,-38.805565,149.05095,20.642435,-38.666416,147.52005,20.791952,-38.677265,145.7327,21.039494,-38.626797,161.27766,24.438814,15.750582,144.71498,24.246552,16.06719,155.10565,29.576061,-31.293253,148.37404,29.901352,-31.210546,174.19725,52.491432,27.982214,132.38873,53.56867,28.730265,189.05632,80.34974,-36.837532,116.555855,80.089386,-31.889132,156.9707,74.97956,-118.95113,145.17094,75.374565,-104.71762,151.50375,66.720024,-136.76772,149.78287,67.824875,-119.58257,152.5059,64.48787,-124.65832,149.71332,65.681015,-111.55574,153.65211,68.23589,-115.61891,149.15778,69.57547,-102.08856,167.16658,113.88245,-3.0570154,139.70784,114.255135,3.0279267,210.93471,135.1579,-90.1157,97.19789,134.70813,-93.52792,217.57382,185.30264,-14.146875,89.298,184.48378,-21.163206,212.85008,193.92426,-8.019566,93.88246,193.91216,-15.463327,238.24884,194.76392,-53.34231,65.19963,195.27425,-63.28586
,,,,,,,,,,,,,,,,,,,,,,,,,,,,,,,,,,,,,,,,,,,,,,,,,,,,,,,,,,,,,,,,,,,,,,,,,,,,,,,,,,,,,,,,,,,,,,,,,,,
00000125.jpg,172.40277,37.73317,-96.55449,171.07501,30.343742,-77.96937,171.9414,30.199615,-78.01519,172.74805,30.096064,-77.97194,167.22568,30.85654,-88.67206,164.84036,31.03066,-88.72293,162.10127,31.23006,-88.64502,166.3214,32.55496,3.4108112,153.46571,34.234364,-45.51468,172.81763,43.967216,-67.859764,166.7482,44.359127,-81.95975,178.79199,68.5911,51.70228,132.39963,69.59718,-61.554237,215.73167,79.73987,129.71387,102.21989,80.94532,-193.4265,239.29008,54.785828,198.81018,79.79315,47.300453,-348.1612,247.39082,44.642944,216.18858,71.04802,36.801716,-373.85388,244.79265,42.325,206.17424,71.858734,30.997017,-379.9553,240.8086,46.66313,195.89001,76.628525,35.582413,-356.3545,165.92712,152.84975,28.232311,134.98445,152.59256,-28.183018,219.6766,172.50221,-93.316895,95.24589,179.0879,-191.30225,210.11197,237.05391,-39.268963,91.12938,251.65678,-135.6917,201.70853,249.30132,-37.435318,96.981186,263.18134,-132.11673,238.24689,248.87132,-98.490074,70.68398,265.96182,-202.44215
,,,,,,,,,,,,,,,,,,,,,,,,,,,,,,,,,,,,,,,,,,,,,,,,,,,,,,,,,,,,,,,,,,,,,,,,,,,,,,,,,,,,,,,,,,,,,,,,,,,
00000126.JPG,827.21136,251.11642,-430.39493,843.16876,223.58612,-345.12173,856.9677,224.00883,-345.18732,866.5702,224.6802,-344.87772,808.20435,224.7535,-347.1786,797.17725,225.5131,-347.27853,786.7465,225.84123,-346.67203,881.2134,245.093,22.91888,767.7963,242.49107,14.757289,850.0797,285.00195,-306.31573,806.95636,284.7586,-309.61514,972.2956,436.7909,154.00911,653.5994,432.60843,105.66726,1207.7562,424.8385,-63.00385,405.84326,414.00168,-58.81936,1251.6304,206.83179,-299.69034,389.9209,192.55424,-290.20496,1262.6711,142.13579,-376.4657,374.58655,137.0178,-373.9337,1233.0145,131.37077,-334.2121,399.48694,129.42519,-343.70285,1219.7803,158.4978,-300.8239,416.75378,151.1094,-293.4939,919.6669,898.81726,-16.836857,702.17053,897.23804,17.425335,1248.5676,1049.6619,-424.8579,354.61127,1021.183,-481.6718,1309.9626,1397.8744,34.086098,337.589,1391.2593,-62.804996,1275.3275,1449.0059,67.401245,369.1175,1452.688,-32.9687,1427.2003,1491.0039,-207.19188,184.96017,1447.8907,-309.1508
,,,,,,,,,,,,,,,,,,,,,,,,,,,,,,,,,,,,,,,,,,,,,,,,,,,,,,,,,,,,,,,,,,,,,,,,,,,,,,,,,,,,,,,,,,,,,,,,,,,
00000128.jpg,274.74356,76.01835,-119.391365,280.71643,69.01648,-97.649796,284.90994,69.50457,-97.67606,288.06662,70.29423,-97.62867,270.649,68.54186,-97.518906,267.42828,68.61607,-97.51319,264.16006,68.937485,-97.30732,294.07635,76.17013,6.436284,260.65305,73.895386,7.126988,281.84552,86.37581,-82.78894,269.11716,85.51013,-82.691864,320.0962,124.33454,50.122204,231.6619,124.37705,45.430134,379.23602,146.95909,-61.295742,171.76056,147.83008,-30.750708,383.4612,100.42076,-215.89157,166.99594,95.023994,-153.71198,385.9941,83.56304,-244.0968,164.11467,78.69644,-177.47652,374.70227,80.01225,-224.66867,171.98337,74.25441,-169.99036,370.50842,87.53991,-212.76714,176.95248,80.974976,-154.62816,299.4215,252.23448,-1.6713189,242.31657,249.6055,1.775055,371.01968,311.53537,-203.78778,168.6716,303.20984,-197.6613,355.52576,381.8591,13.84642,171.628,380.21024,-12.288752,345.67563,391.67422,32.28998,179.3805,390.29425,3.0975032,372.88605,407.47937,-44.41121,150.59998,401.6357,-78.20512
,,,,,,,,,,,,,,,,,,,,,,,,,,,,,,,,,,,,,,,,,,,,,,,,,,,,,,,,,,,,,,,,,,,,,,,,,,,,,,,,,,,,,,,,,,,,,,,,,,,
00000129.jpg,692.59906,161.97455,-288.72107,700.80334,142.8292,-241.50987,708.4812,142.19077,-241.6367,713.82294,141.6935,-241.58861,679.3171,145.05086,-234.69484,672.24805,145.734,-234.69043,663.9497,147.09244,-234.51387,723.29004,151.49702,-4.536751,656.0564,158.06104,26.229656,706.5105,180.79558,-203.91624,680.04443,183.42973,-194.80685,783.7085,268.8998,61.43931,614.8531,277.2983,106.02469,790.7223,411.7519,-183.39072,613.14325,415.4823,-180.31834,719.63794,322.2155,-494.2529,682.7697,317.0308,-588.017,711.1045,286.38705,-558.3494,690.3557,284.83905,-663.5821,713.02167,274.64658,-534.7809,684.18256,271.8341,-639.729,714.5491,286.96048,-491.6074,684.6445,283.40515,-588.0292,751.86005,532.94196,-21.86163,642.28375,531.40497,21.727652,939.1108,601.36163,-386.4879,453.3305,598.94855,-301.55396,962.04785,813.3654,-82.74223,425.20355,794.2128,5.4635296,941.5104,848.03674,-58.727295,445.58936,833.1727,28.351559,1052.3148,852.50793,-234.61627,325.29492,857.56067,-137.60138
,,,,,,,,,,,,,,,,,,,,,,,,,,,,,,,,,,,,,,,,,,,,,,,,,,,,,,,,,,,,,,,,,,,,,,,,,,,,,,,,,,,,,,,,,,,,,,,,,,,
00000130.jpg,304.00516,122.73067,-130.1288,307.41354,117.30596,-111.657745,310.09872,117.24799,-111.69917,313.00778,117.05681,-111.646095,300.0761,117.55645,-110.82298,297.63617,117.6364,-110.81185,294.79318,117.70609,-110.681526,315.8363,119.17494,-22.134188,291.0293,119.794556,-17.632757,308.6353,130.21083,-98.88,299.62292,130.88474,-97.67974,335.99026,155.04779,28.263681,270.27347,159.12837,23.739346,388.6225,156.33478,15.690583,217.74113,160.56114,14.627334,390.43158,107.69341,-3.9641573,210.05806,114.260704,-36.692123,395.45938,94.596924,-14.914278,206.0524,102.95782,-52.506817,391.08575,91.661674,-9.927574,209.8732,100.64554,-54.089878,387.50815,97.55112,-4.8901367,213.56487,105.04057,-40.51405,325.61832,254.14008,-4.2511206,282.0759,252.45645,4.394067,397.09634,278.52267,-108.8753,208.06183,275.18808,-131.58624,407.6109,352.52393,-6.737498,198.87398,350.09055,-25.3908,400.7672,363.93457,-0.23573333,205.12733,363.02985,-18.045076,438.56885,364.44397,-69.141106,165.00078,361.8378,-86.593346
,,,,,,,,,,,,,,,,,,,,,,,,,,,,,,,,,,,,,,,,,,,,,,,,,,,,,,,,,,,,,,,,,,,,,,,,,,,,,,,,,,,,,,,,,,,,,,,,,,,
00000132.jpg,306.99054,46.434025,-105.22332,309.41058,41.715958,-90.57006,311.35147,41.77431,-90.60334,313.12238,41.725353,-90.57002,303.5964,41.74969,-90.95785,301.46436,41.83681,-90.96204,299.54166,41.892803,-90.89271,315.35544,43.952663,-21.323956,296.46188,44.692745,-22.692448,310.66766,52.151875,-80.87937,303.1858,52.33445,-81.40879,331.5007,73.40201,14.724275,281.4532,74.533295,4.0212054,372.3568,72.974846,-18.855352,241.12056,74.634834,-22.800444,379.2526,38.15325,-73.8356,234.87119,38.96864,-66.64717,380.56992,27.47123,-88.04867,234.24207,28.634388,-80.051384,376.89395,25.539183,-83.31421,237.92407,26.55597,-78.080536,375.65097,29.67208,-75.29983,239.57655,30.34464,-68.34835,325.3418,151.3595,-0.8494947,292.72726,151.39287,0.95757836,367.40778,188.70961,-114.28891,249.56624,188.98254,-111.4728,360.96854,241.16594,-7.446902,255.5073,240.59677,-6.341723,354.73892,248.84256,0.28863257,261.5823,247.90755,1.0242333,382.55533,254.1179,-56.439034,237.18936,254.3546,-54.048893
,,,,,,,,,,,,,,,,,,,,,,,,,,,,,,,,,,,,,,,,,,,,,,,,,,,,,,,,,,,,,,,,,,,,,,,,,,,,,,,,,,,,,,,,,,,,,,,,,,,
00000134.jpg,351.70773,91.861176,-161.27003,357.07266,83.70694,-138.22032,360.6025,83.95444,-138.23235,364.25665,84.123184,-138.1549,347.04016,83.36189,-135.75037,343.34854,83.35396,-135.72882,339.9129,83.35714,-135.56189,369.15427,89.20688,-26.580635,335.91895,88.70003,-13.719658,358.55386,102.38742,-121.951836,345.46274,102.511566,-118.385086,397.95285,143.0061,26.622288,308.46964,143.6592,37.6483,468.8334,151.76437,-72.608665,238.02484,155.28688,10.348488,470.11105,91.80362,-207.41945,237.21121,95.53686,-63.62859,470.18646,75.756905,-237.3126,234.09012,78.767654,-86.25931,461.05078,73.53656,-223.6672,240.87404,75.341515,-82.01755,457.5862,80.89894,-207.51334,245.35442,81.95465,-65.72253,383.86298,276.8233,-8.713728,323.68988,274.05356,8.780712,475.4273,330.55746,-129.88312,228.53308,325.39746,-141.08798,471.23315,415.66522,108.54343,244.66922,416.06744,79.961075,460.63123,427.91727,128.43428,257.03702,429.72415,98.51546,510.02808,445.07297,49.45794,201.56075,444.85776,17.964773
,,,,,,,,,,,,,,,,,,,,,,,,,,,,,,,,,,,,,,,,,,,,,,,,,,,,,,,,,,,,,,,,,,,,,,,,,,,,,,,,,,,,,,,,,,,,,,,,,,,
00000135.jpeg,218.24031,238.45625,-234.28625,224.17917,229.58951,-210.26205,228.2537,229.59715,-210.32329,232.40929,229.7809,-210.30957,213.33617,229.44716,-210.21591,209.67883,229.17282,-210.24597,205.76836,228.86644,-210.1452,236.60454,233.90744,-84.51307,199.81516,232.13744,-81.94403,225.14095,249.6681,-188.31815,211.52995,249.97986,-187.93475,264.23785,281.28113,-14.769436,169.43465,280.22614,-28.09653,332.61917,247.0685,-69.36575,96.14631,251.55084,-62.106964,338.28958,172.29135,-149.24068,82.764015,177.08981,-144.73596,344.81152,151.27977,-174.26485,75.6716,158.59842,-168.26857,334.67935,148.81758,-169.11382,83.88337,155.01538,-172.9285,329.61185,157.6346,-152.78049,89.61133,162.18713,-151.80719,247.99098,426.7417,0.620804,184.78539,426.48074,-0.49453226,353.71042,462.86438,-180.12347,74.08025,456.29877,-194.44951,316.44885,559.7312,4.9912357,85.306755,558.0844,-15.917716,303.2283,572.60657,19.58681,95.38574,575.5295,-1.9241139,358.22363,586.66113,-62.814754,39.95838,580.74884,-86.95278
,,,,,,,,,,,,,,,,,,,,,,,,,,,,,,,,,,,,,,,,,,,,,,,,,,,,,,,,,,,,,,,,,,,,,,,,,,,,,,,,,,,,,,,,,,,,,,,,,,,
00000136.jpg,396.46005,446.5419,-321.88843,403.32962,435.27612,-293.02252,408.55347,434.73624,-293.1581,412.87848,434.36905,-293.14438,389.06967,436.26425,-291.52557,384.17,436.51138,-291.51846,379.70685,436.95456,-291.4567,419.5287,438.2408,-146.36952,374.2417,440.8119,-135.85606,405.33575,457.91028,-268.57904,388.56885,459.63995,-265.93677,437.44763,483.14066,-86.74458,360.91272,485.7925,-82.95633,466.1366,418.92892,-184.47932,333.4495,422.5437,-110.373985,485.87378,344.3962,-322.97794,304.24463,351.96664,-178.94176,493.1465,326.48883,-369.48312,293.98276,332.62363,-213.97333,489.08047,323.75677,-377.63257,296.89426,329.41595,-230.01154,484.07086,330.5962,-334.82382,303.04227,336.26514,-192.44078,426.48724,642.64825,-2.8890762,367.52054,640.2318,2.8953419,528.2,680.87164,-304.25717,262.97354,675.27014,-316.72726,544.8852,791.587,-94.0313,244.06133,786.01807,-120.865234,537.0033,806.10736,-78.98034,252.55174,802.50305,-106.00785,574.29565,824.02234,-221.30194,226.76596,824.77856,-243.10486
,,,,,,,,,,,,,,,,,,,,,,,,,,,,,,,,,,,,,,,,,,,,,,,,,,,,,,,,,,,,,,,,,,,,,,,,,,,,,,,,,,,,,,,,,,,,,,,,,,,
00000137.jpg,251.0876,98.10859,-73.70569,258.74826,86.12034,-47.31142,263.73666,86.07417,-47.319206,267.83365,86.24308,-47.25216,243.99205,86.883965,-44.68757,239.0922,87.34728,-44.708473,234.27,87.970245,-44.45145,275.92685,94.27524,69.20753,228.51524,95.919624,84.530685,259.9859,111.862434,-34.93516,242.78023,112.530304,-30.846281,309.61792,163.42833,115.27639,196.56752,165.2936,122.78208,407.2501,166.42334,71.76318,103.59536,163.44205,121.9875,436.02448,92.40799,29.274426,77.20639,93.15372,85.09708,452.4393,76.6494,24.049871,60.228527,79.08294,78.275406,449.48587,74.309616,27.3112,61.11421,73.12706,68.38008,439.9501,80.54353,26.863564,71.02822,79.127,76.82478,296.58853,318.09122,-7.985955,223.1036,318.6493,7.9320445,431.6662,290.32663,-265.88025,86.60571,288.0205,-278.5678,416.5492,435.29526,-182.91942,88.8385,432.68347,-184.01591,396.42047,448.73624,-179.2143,105.64765,447.63513,-177.041,435.90176,490.8258,-313.10034,73.57502,472.88095,-296.10168
,,,,,,,,,,,,,,,,,,,,,,,,,,,,,,,,,,,,,,,,,,,,,,,,,,,,,,,,,,,,,,,,,,,,,,,,,,,,,,,,,,,,,,,,,,,,,,,,,,,
00000141.jpg,1083.4958,473.45334,-244.70049,1105.4551,499.195,-248.4261,1103.9539,510.78476,-248.40288,1102.038,521.601,-248.3443,1108.6719,477.13846,-210.24168,1109.5797,470.6635,-210.09055,1110.6017,464.112,-209.70734,1083.2422,552.84766,-187.5301,1095.7131,480.58344,-13.06772,1050.9253,495.00693,-220.89505,1056.5839,464.40582,-170.68646,938.74493,631.18475,-250.95644,926.12775,439.5399,112.46188,734.93463,706.7616,-265.2302,738.308,435.41632,271.51398,570.1328,813.91693,-381.2316,609.63385,380.86404,154.1632,527.341,855.65857,-398.77124,572.9629,361.0527,148.3243,522.20386,853.11285,-458.1555,574.6228,356.59412,80.69012,534.5096,833.0898,-402.60272,583.3245,367.973,121.251335,542.98883,592.62756,-80.406296,552.26953,462.44913,80.39784,315.2802,742.27325,-476.4914,433.1811,265.45328,-349.80634,375.46738,579.1582,268.29514,391.53757,495.3074,20.39209,411.37152,569.81714,357.71854,407.1174,531.5469,69.122475,279.32098,537.2405,448.57874,275.39282,525.2661,101.931175
,,,,,,,,,,,,,,,,,,,,,,,,,,,,,,,,,,,,,,,,,,,,,,,,,,,,,,,,,,,,,,,,,,,,,,,,,,,,,,,,,,,,,,,,,,,,,,,,,,,
00000142.jpg,853.0984,261.6014,-144.0606,868.34906,270.5063,-164.88945,869.07104,273.49158,-165.08977,869.75024,276.79126,-165.35204,868.0835,268.20038,-121.593666,868.7577,269.69662,-121.50034,869.4523,271.5523,-121.3003,867.8691,301.43484,-214.64703,867.927,295.37527,-19.264544,840.26825,273.88263,-160.3882,838.561,269.6217,-104.12811,803.39716,361.84473,-307.35675,777.5812,321.58286,115.60048,792.8936,471.0335,-372.66028,742.4965,402.92017,220.02261,775.0327,561.5054,-443.3933,725.3062,484.8392,182.00572,764.9413,590.6696,-496.60068,718.2732,507.2215,184.04825,758.1328,585.6566,-506.35544,728.2805,484.59433,148.09875,760.2871,573.4537,-448.09616,721.6106,496.75867,165.33421,600.6954,466.66086,-140.91599,594.497,426.2839,141.24593,446.65253,474.48953,-111.30326,481.64124,418.25668,324.59778,497.82034,472.66556,304.805,509.1325,458.26477,576.2421,510.33817,474.90228,354.44687,511.82846,466.51376,605.5007,483.74356,455.02377,433.60553,498.98053,450.23526,664.03656
,,,,,,,,,,,,,,,,,,,,,,,,,,,,,,,,,,,,,,,,,,,,,,,,,,,,,,,,,,,,,,,,,,,,,,,,,,,,,,,,,,,,,,,,,,,,,,,,,,,
00000143.jpg,753.05255,493.90268,-812.9687,758.2257,482.388,-801.197,762.7203,481.46582,-801.1428,767.618,480.64102,-801.16296,747.7803,482.30182,-797.9687,744.0683,481.46146,-798.06696,740.3021,480.5391,-798.1104,774.7108,478.26648,-671.15295,733.95544,477.5727,-659.0553,762.2817,502.311,-758.3186,745.27124,501.27768,-755.07544,797.4157,500.60535,-545.4338,705.67487,503.89993,-482.2496,761.00397,594.05225,-563.8692,736.905,590.18665,-515.1944,711.4461,659.3775,-620.6271,788.7328,665.97363,-601.7856,702.92926,673.9803,-674.07025,791.84576,683.56445,-641.82416,696.8302,673.70013,-669.98944,801.75946,680.0706,-663.45337,699.63654,668.7615,-620.5077,802.73267,672.6328,-612.4166,808.05383,536.62024,-20.7308,761.5108,555.77356,20.746037,890.95026,519.8367,-391.89688,684.0201,578.58655,-233.55511,905.098,638.33966,-160.70898,706.57837,661.5505,-29.991402,896.5267,648.07043,-141.94504,704.5225,670.7606,-14.478528,918.7594,674.4506,-273.7123,674.7386,691.4008,-129.21768
,,,,,,,,,,,,,,,,,,,,,,,,,,,,,,,,,,,,,,,,,,,,,,,,,,,,,,,,,,,,,,,,,,,,,,,,,,,,,,,,,,,,,,,,,,,,,,,,,,,
00000145.jpg,482.48154,143.96909,-529.97833,491.39053,127.034935,-494.70825,497.52707,127.05302,-494.78937,502.88745,127.265144,-494.7312,471.90912,127.41712,-496.89447,465.53116,127.760216,-496.86328,458.89594,128.47006,-496.7527,510.60635,135.60052,-304.26892,450.3051,138.66617,-315.16406,496.1345,161.34196,-460.49966,471.31372,162.99356,-463.54022,562.37714,241.33682,-202.21916,408.1693,241.69562,-193.52905,578.66626,358.70694,-167.325,386.69894,357.91217,-166.19385,636.12366,439.10608,-305.57788,337.53265,447.5832,-313.54193,655.3698,461.38925,-344.2947,317.42145,470.66833,-352.04666,659.1071,461.63315,-391.1622,317.5572,468.3573,-403.57498,650.57544,456.3189,-329.52942,326.38705,462.4185,-339.2871,532.4251,438.10712,0.29975665,432.94302,438.8413,-0.25538447,661.79034,502.67786,-311.46457,302.5232,520.56415,-248.86195,655.7501,583.9136,141.42963,286.80447,643.1545,125.12423,637.0509,600.0447,181.56572,302.2602,667.4635,155.5123,706.23706,627.4722,86.75205,228.77127,690.99316,26.906265
,,,,,,,,,,,,,,,,,,,,,,,,,,,,,,,,,,,,,,,,,,,,,,,,,,,,,,,,,,,,,,,,,,,,,,,,,,,,,,,,,,,,,,,,,,,,,,,,,,,
,,,,,,,,,,,,,,,,,,,,,,,,,,,,,,,,,,,,,,,,,,,,,,,,,,,,,,,,,,,,,,,,,,,,,,,,,,,,,,,,,,,,,,,,,,,,,,,,,,,
00000150.jpg,319.80887,125.882126,-270.8816,324.9465,116.96203,-243.50008,328.47324,117.39236,-243.55827,332.60077,117.72401,-243.50352,314.53336,116.42848,-245.02597,310.76596,116.33558,-245.05098,306.64752,116.050125,-244.96455,336.30222,122.89711,-112.62684,300.79642,120.71763,-116.54682,326.48584,136.69678,-224.3382,313.1219,135.41412,-225.82724,361.7582,183.06331,-36.720337,269.24734,180.01869,-61.81112,438.08984,187.49928,-75.76624,194.99881,181.56416,-110.1104,458.38132,121.11706,-196.74838,181.266,115.752045,-235.76544,461.1894,102.53125,-229.84201,177.97481,96.77512,-275.2767,456.2343,97.27768,-228.35143,183.36401,92.98847,-278.05487,453.99298,105.214,-203.59494,186.6981,100.2994,-243.70596,339.2511,323.8229,1.3768215,278.86014,322.95804,-1.2382412,404.4829,409.0108,-56.681595,222.00728,417.86954,-32.790436,430.32574,490.94394,181.27951,206.32277,498.60593,210.7785,426.4297,502.8251,197.28795,209.62688,509.3791,227.80191,439.3122,521.89325,58.034245,192.94398,524.9013,93.94227
,,,,,,,,,,,,,,,,,,,,,,,,,,,,,,,,,,,,,,,,,,,,,,,,,,,,,,,,,,,,,,,,,,,,,,,,,,,,,,,,,,,,,,,,,,,,,,,,,,,
00000154.jpg,164.57176,26.028475,-47.56038,168.5074,22.161724,-31.742868,171.28375,22.416105,-31.759193,173.79178,22.636223,-31.711803,161.56747,22.48431,-32.72229,159.39886,22.944931,-32.708164,156.8824,23.46292,-32.545364,177.41531,27.192657,35.215687,154.59059,27.540756,30.877605,169.83041,33.442154,-25.360098,161.07764,33.75348,-26.656433,197.2513,64.20752,66.033104,137.38838,65.90186,45.92887,235.72264,77.78993,52.4263,100.154175,81.62613,33.751022,248.24002,39.107258,33.518036,90.25484,40.471447,0.52372277,250.35474,26.706198,28.370625,88.80662,29.648842,-9.350469,246.62933,23.234879,33.215866,92.15248,26.19257,-7.6402807,244.33495,28.296455,33.39373,94.695435,29.897,-0.70217884,186.65707,144.84753,3.7150946,148.54565,145.26582,-3.6175117,246.97142,149.21051,-114.283295,86.54082,150.81976,-125.74266,245.75148,210.2553,-23.61561,81.42209,211.91669,-41.063126,239.18236,220.33635,-16.78374,86.78555,222.69748,-34.2618,272.8336,223.53978,-68.80397,53.533554,224.97469,-84.543625
,,,,,,,,,,,,,,,,,,,,,,,,,,,,,,,,,,,,,,,,,,,,,,,,,,,,,,,,,,,,,,,,,,,,,,,,,,,,,,,,,,,,,,,,,,,,,,,,,,,
00000155.jpg,2022.58,487.65512,-751.59875,2047.8275,456.50412,-635.6393,2067.9888,458.9256,-635.84546,2080.8599,460.6961,-635.55023,1995.5497,454.5235,-648.047,1978.4974,456.0602,-647.9786,1958.3337,458.60605,-647.1358,2096.7444,491.05594,-115.34946,1926.9503,494.05466,-173.92168,2056.3835,540.78595,-572.6981,1986.0912,538.5113,-589.7056,2210.7021,730.6137,147.66846,1781.3654,713.1945,-15.0896,2480.9968,748.2348,132.31181,1487.9575,732.6248,-76.97899,2600.3372,493.08475,-104.33611,1400.4865,448.18744,-421.7847,2622.5515,403.2632,-168.4354,1368.4489,359.06027,-510.97827,2589.8452,382.03366,-168.6281,1398.913,333.95645,-556.87286,2570.1396,421.32812,-124.01286,1425.7317,371.27798,-459.1976,2134.7122,1343.7264,33.844467,1848.5608,1332.474,-33.55692,2537.5361,1564.125,-738.2591,1419.0275,1485.2812,-864.49854,2484.585,1928.7462,331.0129,1400.1082,1870.6595,134.98663,2430.3015,1991.8724,414.49716,1435.998,1941.6201,217.43117,2659.7383,2069.7246,58.344193,1200.8508,1997.2793,-141.53145
,,,,,,,,,,,,,,,,,,,,,,,,,,,,,,,,,,,,,,,,,,,,,,,,,,,,,,,,,,,,,,,,,,,,,,,,,,,,,,,,,,,,,,,,,,,,,,,,,,,
00000157.png,524.8425,272.74225,217.52,520.8032,266.92346,196.22581,518.0293,267.28857,196.23158,515.2014,267.60522,196.27179,529.23065,266.84222,194.15286,532.3847,267.076,194.20467,535.6035,267.17154,194.39998,511.6981,274.81104,112.5376,541.24274,274.35596,105.66784,521.0899,282.57837,191.71309,529.8093,282.94904,189.26805,486.429,317.63715,78.28872,571.1584,317.47238,57.44001,450.9077,260.481,99.03266,600.44543,253.40611,85.48809,436.24118,201.02818,130.5036,612.26154,190.50769,113.02058,428.04263,183.83868,124.168655,614.65686,169.28763,96.5071,440.24146,182.38782,116.53605,604.62256,170.2255,98.13901,445.8732,189.37082,128.11005,601.4624,178.89102,114.80532,503.34198,465.0762,17.390602,562.0875,464.75876,-17.714256,415.9379,479.29135,66.86786,655.8359,482.85107,28.561874,411.60614,586.8626,109.682274,659.141,591.4014,43.62963,421.0827,604.3419,118.68048,651.26,612.3827,48.41328,381.56503,603.2036,142.18636,693.715,600.85187,61.430412
,,,,,,,,,,,,,,,,,,,,,,,,,,,,,,,,,,,,,,,,,,,,,,,,,,,,,,,,,,,,,,,,,,,,,,,,,,,,,,,,,,,,,,,,,,,,,,,,,,,
00000160.jpg,294.32486,149.47739,-277.3561,302.94052,134.69977,-246.56679,307.9055,134.71126,-246.64867,313.81686,134.90578,-246.57156,285.97037,133.98203,-245.59279,279.30093,133.71642,-245.55273,273.7872,133.47598,-245.39102,319.36798,139.28198,-81.15644,265.76016,137.85722,-76.337234,304.66125,164.12682,-217.65103,283.24326,165.08408,-216.26805,362.40363,209.6328,9.008466,223.63548,222.6499,29.845266,453.80374,279.39493,-44.173042,139.7442,303.979,25.160732,516.86,196.35161,-226.48973,76.39393,222.49474,-113.93509,541.2317,175.66814,-251.6609,50.303032,203.63329,-128.57599,537.08887,165.97153,-267.13873,55.29239,193.6503,-154.31776,524.32196,172.31612,-239.69815,66.71136,199.7015,-129.0099,353.9195,417.43475,-13.055842,267.83533,429.0143,12.893496,498.2625,451.16263,-270.34058,129.17159,486.32452,-245.55826,484.92886,594.0189,25.665504,167.88153,631.62964,33.443195,470.78064,613.36066,49.013023,187.49599,651.0962,54.942295,543.614,634.0483,-81.912186,110.93994,665.35724,-73.7091
,,,,,,,,,,,,,,,,,,,,,,,,,,,,,,,,,,,,,,,,,,,,,,,,,,,,,,,,,,,,,,,,,,,,,,,,,,,,,,,,,,,,,,,,,,,,,,,,,,,
00000163.jpg,319.80887,125.882126,-270.8816,324.9465,116.96203,-243.50008,328.47324,117.39236,-243.55827,332.60077,117.72401,-243.50352,314.53336,116.42848,-245.02597,310.76596,116.33558,-245.05098,306.64752,116.050125,-244.96455,336.30222,122.89711,-112.62684,300.79642,120.71763,-116.54682,326.48584,136.69678,-224.3382,313.1219,135.41412,-225.82724,361.7582,183.06331,-36.720337,269.24734,180.01869,-61.81112,438.08984,187.49928,-75.76624,194.99881,181.56416,-110.1104,458.38132,121.11706,-196.74838,181.266,115.752045,-235.76544,461.1894,102.53125,-229.84201,177.97481,96.77512,-275.2767,456.2343,97.27768,-228.35143,183.36401,92.98847,-278.05487,453.99298,105.214,-203.59494,186.6981,100.2994,-243.70596,339.2511,323.8229,1.3768215,278.86014,322.95804,-1.2382412,404.4829,409.0108,-56.681595,222.00728,417.86954,-32.790436,430.32574,490.94394,181.27951,206.32277,498.60593,210.7785,426.4297,502.8251,197.28795,209.62688,509.3791,227.80191,439.3122,521.89325,58.034245,192.94398,524.9013,93.94227
,,,,,,,,,,,,,,,,,,,,,,,,,,,,,,,,,,,,,,,,,,,,,,,,,,,,,,,,,,,,,,,,,,,,,,,,,,,,,,,,,,,,,,,,,,,,,,,,,,,
00000164.jpg,171.9813,96.70945,-215.88885,176.06274,88.21699,-190.13715,179.74188,88.3013,-190.20926,183.26788,88.14994,-190.16681,166.48167,88.30811,-189.64435,163.34624,88.31276,-189.64915,159.83235,88.232864,-189.50917,187.50732,91.8629,-66.37968,154.83664,91.70784,-63.640835,178.85547,105.247086,-172.39563,166.94472,105.00679,-171.69444,213.51396,142.0575,-3.2603917,130.44682,143.96574,-3.76464,278.83224,129.1848,-37.0698,66.5394,137.92325,3.8396683,285.06302,67.793274,-124.37439,59.35736,76.50379,-37.86625,289.959,49.122467,-146.87585,52.760025,59.063942,-54.772305,282.13068,44.291153,-144.50963,59.743,54.580853,-55.600163,277.22684,52.572834,-128.8325,65.77518,61.51255,-41.85547,201.52489,274.17606,-3.034468,148.32272,275.50516,3.198525,277.379,335.6944,-149.42705,72.61924,334.39197,-150.54848,266.5702,413.7819,86.50663,84.04286,410.76236,77.29064,257.50195,428.64008,105.31426,94.52274,424.5277,95.52091,304.53732,439.92188,19.855988,47.180595,437.0698,12.712315
,,,,,,,,,,,,,,,,,,,,,,,,,,,,,,,,,,,,,,,,,,,,,,,,,,,,,,,,,,,,,,,,,,,,,,,,,,,,,,,,,,,,,,,,,,,,,,,,,,,
00000169.jpg,383.9909,519.7182,-535.49005,394.09076,524.4254,-575.6783,400.2323,524.2952,-575.8473,405.34232,524.2892,-576.1139,378.15176,519.58325,-578.6067,372.04663,519.0617,-578.4677,365.06958,518.80664,-578.4199,412.9012,507.55078,-616.6975,354.58612,507.60046,-627.7895,391.6048,507.0819,-529.1158,374.98926,506.28152,-533.1616,459.51968,458.97495,-507.31485,307.16776,455.5414,-493.0151,570.7046,467.7154,-410.46823,175.36201,464.1284,-398.48816,586.3343,617.6389,-343.70563,157.89221,590.1861,-391.60474,592.4995,639.8327,-378.04202,144.8257,620.25165,-441.44586,582.241,644.36676,-401.0406,153.49971,636.20966,-435.6299,576.7917,638.648,-348.42468,159.80208,629.1368,-389.16968,422.4814,306.2198,-1.0267887,336.2912,309.49573,0.67010605,547.53455,308.00763,-31.829632,196.67686,366.12622,337.81833,684.99713,383.03897,104.04663,123.386665,408.07602,686.6616,699.6066,380.59262,122.89711,115.16976,408.46878,721.05286,723.0043,415.74338,10.556401,103.23067,437.45895,672.27405
,,,,,,,,,,,,,,,,,,,,,,,,,,,,,,,,,,,,,,,,,,,,,,,,,,,,,,,,,,,,,,,,,,,,,,,,,,,,,,,,,,,,,,,,,,,,,,,,,,,
00000171.jpg,555.3209,174.58743,-234.88681,560.792,165.3763,-199.66254,565.39355,165.06113,-199.73738,568.8238,165.06345,-199.63858,546.4934,165.9125,-203.20529,541.34015,166.27777,-203.18788,536.7019,166.78471,-202.93216,573.6859,171.62088,-34.916496,527.1528,173.21078,-51.644424,564.8035,189.99623,-177.52486,547.8904,191.68538,-182.42532,613.7696,238.0552,42.22248,489.01523,244.06487,4.3302064,707.8421,226.21738,-34.90559,392.43915,241.6596,-27.054134,707.8595,146.64583,-144.75877,374.71088,153.37222,-104.203255,711.58044,121.275246,-174.71632,365.569,129.51123,-133.4547,700.0546,118.555244,-159.96346,374.77664,126.86679,-134.14857,694.83875,130.62401,-146.29445,383.29242,137.25356,-109.80711,595.54346,431.00693,1.0410035,514.6816,430.13177,-0.9052851,718.76495,486.2753,-196.39484,392.18115,492.21356,-261.20328,722.0906,607.47986,51.02223,375.16446,617.7571,-9.53171,709.69476,628.4458,68.859566,389.05078,637.46515,10.238874,780.21356,626.9253,-47.63999,325.088,653.0858,-103.481674
,,,,,,,,,,,,,,,,,,,,,,,,,,,,,,,,,,,,,,,,,,,,,,,,,,,,,,,,,,,,,,,,,,,,,,,,,,,,,,,,,,,,,,,,,,,,,,,,,,,
00000172.jpg,310.49384,48.989197,-80.902824,315.4942,42.072586,-64.45447,318.58084,42.19923,-64.487946,321.62714,42.460865,-64.4438,305.68976,42.033707,-62.12315,302.81342,42.21608,-62.13244,299.38998,42.447845,-62.039326,325.3782,47.59979,17.352276,296.917,47.71782,28.43001,316.77304,58.356483,-51.29504,304.7172,58.70816,-48.06994,351.17102,98.85071,35.977467,274.0887,99.320595,43.560997,361.9393,156.00879,-77.06866,262.7084,155.13405,-66.78858,320.31708,118.40523,-191.42805,305.66757,118.660614,-195.95789,316.31866,104.7317,-216.50302,309.70572,103.24899,-221.05498,317.20172,100.76548,-198.50352,306.6876,99.6094,-208.54164,317.69574,105.89728,-186.60474,306.26913,105.05267,-193.5926,335.49628,212.03268,-5.244374,284.01657,209.48882,5.1993985,419.84604,236.35583,-148.0692,200.52829,235.29332,-148.75166,415.8166,321.15167,12.14435,202.63425,321.93167,6.1075573,407.2518,334.7688,25.851105,211.24219,337.55103,19.606607,452.4614,338.94754,-41.46136,164.79617,338.3679,-49.34015
,,,,,,,,,,,,,,,,,,,,,,,,,,,,,,,,,,,,,,,,,,,,,,,,,,,,,,,,,,,,,,,,,,,,,,,,,,,,,,,,,,,,,,,,,,,,,,,,,,,
00000173.jpg,383.6999,132.03629,-87.088394,375.59927,127.77398,-70.16574,374.7454,127.856606,-70.17681,373.6221,128.08171,-70.13101,374.41016,129.17783,-87.830666,372.694,130.31366,-87.82091,370.68463,131.7054,-87.77783,365.23105,136.9632,10.166543,361.32434,141.30139,-69.042725,385.60687,139.6778,-56.70367,383.23196,141.45294,-80.02365,393.18597,163.19951,80.07684,353.8914,187.8614,-89.51493,425.77536,119.64224,79.597565,298.5771,209.4952,-178.49843,460.8415,72.776024,5.338073,313.9357,157.84082,-256.54602,469.45844,60.06004,-4.343589,314.42404,145.9964,-281.33182,469.16998,57.68409,-12.865109,318.15207,145.60478,-275.17325,465.97552,62.50161,-2.8160253,319.3061,148.83751,-255.44594,402.8949,281.55737,58.293694,370.77075,284.51346,-58.350742,483.1289,307.955,-46.05087,306.23013,336.50845,-98.164154,479.82434,385.1174,39.617733,246.76604,385.0969,-36.30544,471.87354,398.6056,45.449024,236.70967,388.01974,-31.314022,516.14636,403.10223,-9.78665,243.76474,409.42368,-93.55358
,,,,,,,,,,,,,,,,,,,,,,,,,,,,,,,,,,,,,,,,,,,,,,,,,,,,,,,,,,,,,,,,,,,,,,,,,,,,,,,,,,,,,,,,,,,,,,,,,,,
00000176.jpg,619.5178,182.54243,-256.35196,625.34644,173.23494,-233.57756,628.8341,172.87335,-233.65385,632.65985,172.54495,-233.63239,615.0692,173.38902,-231.36102,611.39307,173.2291,-231.3604,608.4228,173.08948,-231.20398,638.45953,174.24707,-106.406334,605.4211,174.92877,-95.02093,626.8537,191.70074,-210.33862,614.20996,191.86433,-207.19244,670.1811,223.72035,-31.98528,577.13153,226.20561,-11.907066,743.9464,241.6229,-112.02238,510.671,244.883,-53.657806,756.29456,180.46121,-233.72865,496.8822,182.53941,-176.70862,759.6802,162.79729,-263.1899,492.4765,164.78226,-200.61084,750.4224,159.52972,-255.61221,500.1469,159.25095,-202.54715,746.4574,167.59117,-235.73312,504.87665,166.15956,-182.42873,659.40485,350.70032,-10.748858,600.15497,353.5997,10.913769,747.06433,377.8138,-258.67303,505.24182,380.29364,-244.32658,757.3131,478.8172,-83.03133,513.1415,476.08615,-69.56147,747.5308,495.33273,-70.399536,523.7068,495.0273,-57.19541,789.99744,504.15265,-181.25552,472.6165,499.9228,-163.67424
