00000128.jpg,364.83923,422.18295,10.101761,358.41385,439.8405,28.79731,359.292,441.0281,28.817066,360.25446,442.44882,28.91263,358.39127,442.08487,-18.197304,359.3213,444.95377,-18.174824,360.41986,448.1586,-18.20689,374.07617,457.9369,122.10015,374.89777,462.37643,-87.657135,380.41833,420.16116,46.625626,381.04565,423.30704,-13.887297,448.44376,472.09396,221.5752,429.81958,481.94983,-178.81396,453.7178,585.4505,267.15405,439.90768,598.6382,-258.85757,437.89523,680.90967,191.32489,419.9428,695.42725,-334.18384,448.29797,702.5082,174.99693,432.15714,718.6198,-387.57858,446.8199,700.3659,153.02878,436.64886,719.7803,-394.97028,443.38104,693.4114,176.7241,431.33667,711.008,-339.82272,674.603,492.09793,168.47151,670.29114,496.54813,-168.18805,831.9073,507.4785,107.65152,848.5536,505.31607,-235.80203,817.7915,663.2012,264.5905,816.73676,675.7211,-68.3519,793.39545,685.83276,277.4494,791.3724,697.8853,-50.66151,873.6514,697.22974,263.3864,883.5528,715.79834,-71.04611
00000129.jpg,72.462776,68.33248,-16.790775,58.04093,79.21699,-0.38478297,57.712555,81.212296,-0.352149,57.293404,83.41345,-0.21123743,58.308357,79.788445,-36.75737,58.21797,82.280975,-36.837727,58.13587,84.99332,-36.872066,64.201996,101.390366,86.0791,65.48971,102.40383,-81.03468,86.90426,73.15574,17.629816,86.80918,75.247284,-30.771011,140.35068,123.46318,159.04544,126.00762,144.53432,-141.15228,137.3547,220.27069,199.91736,121.43273,235.14542,-322.10773,145.44958,302.12024,160.84122,126.58128,321.13885,-539.11053,158.30418,318.25864,151.16605,135.08942,340.18173,-600.93506,160.944,318.82843,125.63197,145.09721,334.13953,-593.4023,158.61877,313.69418,147.78456,142.76251,329.9351,-542.6113,339.9655,164.07889,112.98732,333.5546,174.10027,-113.028275,472.53674,238.678,102.323524,474.79523,249.31659,-89.6788,601.75793,302.24515,196.52615,612.97284,307.39767,-6.955282,608.86035,320.53625,197.25334,621.22986,324.43393,-4.9111032,666.3981,304.742,109.96532,674.482,309.1022,-120.21704
00000130.jpg,162.4358,390.49713,-149.17287,163.18404,385.44443,-141.52505,164.63156,385.47543,-141.61719,165.74818,385.41888,-141.55986,161.8681,384.79337,-139.18912,162.5468,384.57596,-139.21722,162.89062,384.44833,-139.22783,180.64435,382.4174,-94.77395,174.71439,387.4676,-86.62402,179.36421,395.36502,-130.25706,178.10608,394.83017,-127.86296,242.0415,355.89487,-62.107296,233.52785,444.13184,-63.506786,243.39476,223.28853,-120.61568,222.42209,541.63245,-84.86004,249.15546,138.04697,-276.88257,198.93224,619.94073,-145.15703,256.33124,110.76956,-293.7195,176.5863,629.98804,-156.7012,253.19322,109.18092,-335.03467,172.29279,629.634,-177.27673,251.92657,115.69392,-300.34125,180.83684,626.497,-159.70311,415.8029,402.43753,14.535611,424.26447,395.81317,-14.669064,538.2734,489.53915,4.9147706,369.68774,245.3128,15.887019,622.49225,562.89594,58.188225,376.61038,176.55144,75.207886,632.43225,569.0534,62.06803,371.64517,172.88148,78.80628,634.4881,573.2689,-9.895342,334.40054,135.65077,16.68985
00000131.jpg,470.84274,419.0721,-404.559,453.2342,409.44577,-393.95093,451.7716,403.15274,-394.03845,450.49658,397.09262,-393.93692,456.61697,426.37244,-378.18207,457.06726,431.49924,-378.08426,457.57074,435.42325,-377.9262,452.79968,385.5358,-292.82568,461.72217,435.21216,-217.27272,483.35175,403.59387,-365.921,486.29523,424.4434,-344.03162,516.2277,326.2042,-180.57669,534.53925,459.16913,-148.58777,492.48572,227.01508,-207.09454,521.27594,557.7326,-131.9248,466.24213,139.29681,-346.99142,503.24673,632.59485,-279.46835,467.78076,108.06152,-373.10754,486.13004,641.2888,-310.42627,461.50903,108.19658,-416.15768,482.16803,640.8857,-348.73462,461.2512,119.66051,-372.61856,490.84326,638.77686,-305.12027,719.66315,367.8666,5.7889056,718.4595,444.9384,-5.874419,749.4479,230.76836,-13.241201,835.9459,537.86426,-29.447567,784.9261,96.659065,130.29005,943.4396,615.61176,140.48485,805.5066,84.41184,137.29475,954.3507,620.08417,149.95226,784.0752,32.151833,28.694447,986.9663,645.34784,13.87519
00000132.jpg,410.39746,90.34513,-23.97302,407.59933,82.38153,-12.958545,406.38498,82.09816,-12.944265,405.0117,81.77404,-12.882109,407.54453,82.32797,-37.07114,406.2791,82.00503,-37.110176,404.91693,81.666885,-37.155804,391.9658,81.00204,32.48787,393.2809,81.38696,-76.377975,403.7899,95.647095,-5.0052032,403.34692,95.41793,-36.36226,366.54562,99.2127,89.25258,375.6462,103.699326,-149.0931,427.7842,95.06239,85.562325,440.55118,102.610756,-221.31569,491.08676,88.55296,4.39451,501.88806,85.388885,-235.68452,505.51898,85.26454,-9.733317,518.2873,82.68647,-265.57785,505.57538,82.3806,-24.029383,517.41534,78.683586,-256.512,498.6845,83.72385,-6.3719964,511.71536,79.27426,-233.10057,250.2009,128.81784,89.458145,252.97935,133.63794,-89.45877,150.84955,125.096115,84.36124,151.39902,129.2306,-103.93167,66.19559,76.584045,145.40314,60.55351,77.456696,-60.388126,64.38202,59.04844,148.66164,59.4044,60.86162,-56.416367,18.357838,77.323616,103.97259,9.994729,77.52726,-119.204865
00000133.jpg,1940.9052,813.3811,-418.1146,1982.4749,829.85846,-405.93417,1987.0713,841.303,-406.2004,1991.446,853.52673,-406.0521,1973.7023,813.6746,-340.06058,1972.1715,812.74756,-339.88202,1970.5935,812.01276,-339.50006,1986.0028,915.11597,-293.0447,1961.1384,853.5942,20.068989,1913.8069,858.6866,-378.68045,1902.166,836.3902,-289.6954,1820.1245,1145.377,-222.88493,1709.6561,826.3151,73.922066,1864.7177,1401.0156,-366.22568,1647.0027,544.7097,99.02465,1960.2047,1649.8232,-702.7951,1643.0863,267.24368,-213.70465,2017.1783,1668.3136,-761.67365,1634.8,176.64922,-270.1444,2030.4067,1670.8934,-876.37476,1657.8503,161.5503,-372.8393,2005.935,1670.1923,-765.9434,1661.1655,195.20619,-285.1536,1329.1732,1235.7493,-5.0503197,1196.9099,1079.6458,5.3277144,1339.6118,1684.1854,-391.42236,854.2538,1359.3795,-236.9882,970.45355,1655.3716,368.12036,556.9584,1623.2089,215.8776,925.78534,1610.3436,428.62567,535.29456,1670.4777,246.47998,798.04736,1694.6533,183.19348,480.77045,1706.9136,-127.75215
00000134.jpg,1092.876,431.8238,-438.21335,1115.2982,442.98804,-427.3922,1116.9845,449.03055,-427.57645,1118.5375,455.54297,-427.47623,1113.4716,435.9855,-398.47882,1113.5791,436.0224,-398.53558,1113.6737,436.25873,-398.51773,1112.9077,488.20148,-320.32767,1109.4667,460.94894,-186.43033,1077.09,452.17877,-398.12772,1074.5519,442.6988,-359.48816,1025.1854,602.5754,-263.8952,989.56793,422.27643,-67.0146,1007.0343,747.5446,-299.01077,973.0548,274.74268,-56.395416,1007.93024,869.8136,-519.1361,985.8158,140.99419,-279.55728,1035.8024,883.1675,-559.71576,996.5409,100.143936,-324.65094,1040.3522,885.8638,-623.1713,1009.0102,98.96535,-383.4339,1026.211,884.36914,-552.8496,1005.9491,113.537994,-319.80865,766.42865,659.76385,-93.048706,725.718,571.9066,93.151886,578.51044,772.43146,-182.75795,529.7285,476.7257,-186.11206,404.31314,865.16486,32.25976,645.01263,650.93854,387.57138,379.01965,877.70734,44.75531,677.29474,669.2826,447.52283,358.2312,886.8068,-174.61032,604.48987,724.5038,410.57468
00000135.jpg,169.12326,333.588,-206.474,159.4968,337.29004,-193.5406,159.21835,337.73102,-193.59142,158.93637,338.30872,-193.53712,159.48575,340.58453,-201.07176,159.17593,342.9607,-201.05408,158.76746,345.94366,-200.98035,160.51312,351.26624,-123.692665,159.40791,361.3119,-158.67201,178.42894,337.91614,-182.11815,177.55875,342.48822,-192.3393,213.99538,329.3185,-91.52836,195.2244,409.69162,-142.79007,232.2818,263.43723,-108.288185,185.29485,476.02554,-177.75082,244.63213,197.97379,-216.51642,169.3896,541.4138,-249.52884,250.07588,182.4424,-228.59972,157.17976,547.837,-269.42664,249.22342,183.21211,-259.04007,154.356,549.0706,-286.21902,248.73753,187.31564,-234.6582,159.93307,547.61835,-263.72537,331.7332,363.52344,18.011423,339.13144,407.48032,-18.078579,313.5405,269.34705,25.963144,425.0996,465.35394,-42.718643,286.68536,171.26953,67.2397,492.67313,525.79956,38.023815,292.96722,150.30333,67.96468,501.8213,535.6511,43.619972,242.5584,171.56963,32.16846,516.77716,542.24255,-28.276356
00000136.png,78.30766,282.68793,-34.806286,76.55071,277.40616,-45.546814,77.13024,276.84384,-45.56189,77.818,276.24902,-45.56884,76.738365,277.3138,-27.343136,77.43466,276.67288,-27.362148,78.23268,275.96115,-27.3155,85.38864,271.92804,-71.21648,85.3536,271.32928,10.039085,85.24727,284.01947,-43.01096,85.49718,284.10858,-19.389843,116.28548,284.38055,-115.98648,122.63063,278.66055,71.9571,119.13229,334.10236,-113.96579,122.49566,321.5837,89.10373,78.38103,335.40207,-54.456642,86.77286,328.4158,58.82825,67.50055,337.83322,-67.011894,72.97554,330.62885,59.05264,65.49868,333.52808,-65.4013,71.10581,329.1805,48.17409,69.2474,332.74783,-52.847534,75.74135,328.0841,52.27727,196.70451,294.14474,-56.798588,197.25946,287.2157,56.92643,259.84686,305.74933,-42.095047,258.46597,301.5265,68.7112,318.60223,315.01657,3.299817,315.02368,312.59183,103.58557,331.1939,314.35986,6.7265706,327.4848,312.42282,105.73847,308.88477,337.4087,-23.996998,306.3644,334.76712,76.79898
00000137.jpg,25.26554,256.1391,-40.142586,21.123945,246.83482,-55.268677,21.840298,245.62027,-55.315727,22.705078,244.33081,-55.30336,20.793474,247.04213,-30.800406,21.23536,245.9418,-30.804916,21.778357,244.7698,-30.80615,32.904423,235.86125,-87.45431,31.706787,236.50475,21.928904,35.21093,256.06714,-49.470673,34.6475,256.27707,-17.618027,79.09109,248.26135,-146.31918,85.93941,248.87653,104.84942,91.33112,312.9813,-173.16862,96.51432,309.37204,118.295395,92.41922,374.4139,-167.3234,98.144905,366.0513,50.66184,78.03029,378.7413,-197.051,83.0145,367.6797,46.427635,74.577286,375.16757,-185.27235,81.445656,369.26526,18.816948,80.80642,374.00342,-162.74652,88.09159,369.6219,36.052555,190.8309,277.44315,-76.0695,190.17244,276.1209,76.140274,276.15808,309.72787,-63.507027,270.66776,309.18668,91.88816,366.8468,336.44193,-33.41375,349.75537,335.9907,132.96994,383.94977,333.11954,-33.92654,371.68173,337.49957,134.59454,361.002,373.67374,-95.47873,348.06897,368.41904,86.83154
00000138.jpg,3491.7578,1195.7234,-313.50516,3523.1228,1116.6627,-223.58409,3519.2527,1108.8765,-223.88208,3514.2654,1100.8358,-223.68633,3517.2756,1123.0466,-453.14395,3509.548,1119.5269,-453.45847,3501.0098,1116.0309,-453.12256,3420.814,1058.6687,235.5411,3412.764,1079.7275,-799.1541,3419.1047,1218.7148,-115.698135,3417.474,1220.4375,-417.99234,2943.4443,1077.3546,1050.4174,3017.4197,1324.72,-1274.829,2755.4866,1484.9537,1477.7877,2814.965,1942.0897,-1345.7228,3135.8152,1647.2258,1475.6251,3304.3386,1942.8202,-870.32153,3256.1313,1643.0599,1572.9203,3440.019,2002.1042,-1046.444,3281.818,1653.7021,1441.6835,3455.4946,1922.8575,-963.9712,3244.5918,1664.093,1417.3083,3392.801,1876.1228,-831.52405,2010.214,1184.1874,710.1654,2009.6022,1359.3156,-709.3425,1237.341,1314.0175,918.1018,1227.3544,1449.6484,-505.82825,502.69226,1363.5691,1433.2394,429.77246,1512.8156,-94.31318,371.4293,1316.5405,1470.9645,277.11392,1435.7488,-63.619064,460.55734,1621.9492,1187.198,407.12994,1740.535,-462.22675
00000140.jpg,266.191,332.67587,-13.708201,258.41803,312.0631,-38.942158,259.9594,309.78235,-38.976227,261.7728,307.37244,-38.924934,258.03964,312.5941,2.362356,259.32736,310.6613,2.3114252,260.8423,308.58917,2.3997042,282.83575,291.06192,-90.00393,281.58694,292.5704,92.09134,284.53152,333.87024,-29.030735,283.98865,334.69894,24.705143,369.43753,330.21115,-198.86644,403.58383,328.905,231.14589,369.19113,474.9238,-243.97485,410.8,464.2302,278.83408,362.22388,605.893,-229.45354,398.86722,579.0652,215.16716,333.30606,614.33826,-280.26376,370.00812,577.3508,219.26608,329.55368,606.375,-250.87215,365.54358,580.5047,165.61243,341.25894,605.30347,-218.00406,376.25677,585.63776,189.0473,606.665,372.33517,-123.43874,620.9765,366.35123,123.61168,802.0967,454.51535,-99.39736,799.95233,435.14127,122.17891,990.0521,535.2167,-52.051777,971.87177,508.99954,176.05249,1028.1969,543.7088,-51.600796,1016.0115,517.7077,177.88385,952.10754,608.95483,-155.21616,954.36096,590.1643,77.73062
00000144.jpg,145.47986,291.8406,-348.95966,138.19101,291.59576,-335.66302,138.75095,290.90692,-335.76712,139.09848,287.97003,-335.70963,137.0833,302.28214,-345.46722,136.92749,305.99826,-345.6009,136.46037,309.46298,-345.61826,146.94156,300.709,-231.89528,145.35695,326.0169,-276.7441,160.39986,296.69254,-305.57913,159.27809,304.9941,-318.72885,196.69775,273.51505,-167.98969,179.56403,373.05978,-242.87181,178.73445,182.25905,-213.46298,179.31248,475.62372,-312.0763,140.79695,90.911026,-293.4666,159.09865,559.18524,-422.24847,131.07376,66.721,-321.8454,144.52205,572.34906,-446.37344,126.48759,65.84671,-348.3734,140.71365,572.87946,-488.55298,130.14648,75.34703,-314.8392,147.9371,569.1392,-445.3403,373.76913,396.25504,25.310837,346.37393,440.68347,-25.50239,495.1591,483.27618,19.80471,486.0923,498.08633,-20.740728,610.7396,561.5787,112.66862,608.4374,567.17206,83.16481,621.01843,575.64746,112.588684,616.05475,577.8509,86.6447,645.58984,586.5143,-25.488407,645.5357,584.9177,-54.291195
00000146.png,78.35232,256.88788,-52.542007,75.187706,251.08122,-61.902878,75.56505,250.28085,-61.923992,76.01926,249.36897,-61.909435,75.26979,251.05281,-46.06176,75.708824,250.16716,-46.076885,76.21466,249.12498,-46.079338,82.5953,243.54771,-81.74468,82.374725,243.20758,-10.919205,85.78857,255.97748,-58.34156,85.7373,255.85594,-37.61949,114.60738,250.83525,-118.58999,115.21264,246.20456,43.72892,116.58099,294.0798,-148.69153,117.27427,287.70886,49.410065,115.6145,335.64633,-153.7343,116.31052,326.5527,5.9529424,105.518684,339.7609,-176.76733,105.70768,327.42026,4.627709,102.809235,336.87076,-165.46558,105.00429,328.79092,-14.924612,106.76319,336.22617,-150.02135,109.35782,329.59164,-4.1181107,190.46246,267.1513,-49.94448,187.36116,262.44696,49.956886,240.71529,290.41025,-28.79786,239.39845,285.3011,73.9566,292.92023,310.86505,13.990503,289.469,307.17596,119.97328,304.70956,310.762,15.972821,302.22266,307.80536,123.119194,282.7731,334.90533,-20.877298,280.04968,329.37958,92.69317
00000149.jpg,140.18791,173.28612,-13.4614105,128.45518,176.52069,1.1984066,127.76834,177.74489,1.2277102,126.983734,179.12408,1.3652546,128.73862,176.95502,-32.396503,128.27324,178.48608,-32.45891,127.75194,180.20961,-32.497772,126.02617,195.40552,69.648544,126.890274,195.20102,-82.48497,148.98106,181.56274,13.947415,148.42047,182.41461,-30.256409,168.97418,235.10657,136.32933,163.28976,239.80031,-140.78564,164.75037,307.72684,179.11757,157.46172,310.13147,-254.5292,168.0024,376.23166,171.57217,158.91588,386.80582,-366.6657,177.5509,389.2338,167.20035,169.74747,400.04477,-414.85202,182.72693,389.7662,148.03801,177.75108,397.94925,-411.5398,180.5075,385.25754,162.00636,175.79965,393.2604,-369.3246,324.29095,263.8015,106.933945,324.6814,265.521,-107.00378,426.83112,316.685,105.81031,430.51498,318.4375,-83.724075,510.3792,375.03952,198.34286,521.38666,381.55585,-13.231699,513.9672,391.31656,200.9439,524.1671,398.94806,-12.236867,554.16614,383.41974,137.27304,559.6197,390.92087,-99.91924
00000150.jpg,1103.4557,467.68793,-553.00995,1124.2429,471.05356,-520.32825,1128.3367,478.84277,-520.4724,1132.0327,485.64944,-520.4359,1114.3632,451.47403,-497.96658,1110.4535,443.83527,-497.9631,1106.6208,437.26132,-497.79034,1125.4628,503.00833,-304.29764,1089.2598,432.872,-198.8622,1090.7567,492.22327,-472.1428,1077.3115,467.93057,-441.96045,1028.1125,611.61597,-208.5156,970.5406,408.26923,-48.7989,1037.2216,767.00586,-529.24567,939.80835,259.3809,41.6903,1091.8119,804.7021,-1068.4238,923.5931,122.01873,-74.94427,1112.524,818.75665,-1156.3452,917.65,82.47363,-92.57155,1117.3795,808.96344,-1163.7375,921.777,76.88552,-149.38354,1111.236,802.5568,-1089.2589,921.9069,90.10624,-107.82957,718.31665,649.2861,-35.680977,666.22174,545.9507,35.70735,503.0926,767.0707,-168.27975,471.6536,701.2762,-57.263943,469.61105,731.5942,720.97363,438.25745,702.07855,829.8331,481.2461,722.02594,818.8239,455.34668,699.78796,931.28894,404.51312,738.99524,798.03033,367.48947,729.79584,938.556
00000151.jpg,268.25717,194.07469,181.2126,253.26186,200.40286,206.00752,251.86461,203.21896,206.12099,249.64236,206.63155,206.36397,250.42972,200.30753,155.58966,247.08955,203.22617,155.48312,242.9825,206.77051,155.59126,242.39209,232.6909,316.19043,238.56956,231.98077,87.77664,278.75446,206.41714,225.16791,275.45523,207.22429,158.54665,330.90143,295.46997,400.31894,272.77222,287.53137,-36.260918,364.2201,431.71854,439.6802,269.8566,451.17645,-233.22409,401.7173,549.61255,328.3237,267.99847,585.9088,-485.85925,416.04736,569.0033,304.2157,276.90662,612.2473,-567.0857,412.86267,569.85114,270.5252,294.65665,607.6881,-572.21277,402.13025,564.0478,309.41998,296.62595,599.2654,-494.48245,579.67316,342.0614,157.13191,547.7351,358.99405,-157.0751,784.40796,447.73157,26.34616,756.1761,456.5241,-259.9506,967.09503,592.1901,53.471127,967.77313,600.6222,-269.37006,972.27106,624.8833,47.391354,980.276,635.89056,-278.86584,1005.90015,585.44037,-64.388626,1012.6541,582.00824,-439.13617
00000153.jpg,954.6245,99.837685,20.980175,978.6614,109.7508,-8.951088,980.42773,112.742676,-9.084698,982.3538,116.2921,-9.097993,977.9238,110.05094,38.04836,979.2329,113.338684,38.022923,980.66327,116.99501,38.091717,981.2063,145.12721,-83.26034,979.869,144.76346,125.42801,940.3709,114.14892,-2.1626565,939.52704,115.008156,58.16588,918.5934,211.62698,-157.07977,881.31964,211.50899,204.97491,900.08057,362.44998,-205.726,854.00604,343.19818,292.9016,891.89886,520.4134,-286.71738,815.1883,441.60147,225.30827,858.28107,548.70685,-331.43732,794.8965,459.41864,197.03761,845.02344,540.4689,-358.00998,791.9915,460.4549,166.46272,851.4852,530.0963,-296.46533,798.32404,456.9751,207.94858,624.60846,322.29947,-125.165344,607.6484,300.08676,125.290886,388.8168,382.99973,-74.494736,398.5604,371.51776,134.96378,196.18968,484.82126,-39.16309,218.65276,471.16898,184.93864,176.48152,521.21295,-41.776703,197.03203,504.4453,181.38171,111.62567,443.89386,-175.34593,139.43904,451.70905,79.33823
00000154.jpg,221.36568,220.34027,-177.70644,210.7857,224.80405,-160.21466,210.34265,225.84996,-160.28763,209.76846,227.02345,-160.26877,210.56181,226.6175,-173.10298,209.93663,229.09712,-173.16415,209.2344,231.90579,-173.1516,212.09184,242.87009,-70.693504,211.33412,251.12016,-129.54144,230.02757,226.92207,-143.81248,228.90015,229.52722,-160.76453,264.47537,229.98482,-40.303974,239.62544,308.18082,-104.61215,260.8192,160.75275,-38.84385,235.77647,373.69858,-125.97077,259.2592,99.078514,-133.475,226.34045,441.03217,-209.45334,258.56998,79.979294,-152.436,209.08704,446.86957,-230.325,254.15492,77.8783,-183.55565,206.6866,448.69897,-263.3391,254.90834,85.09037,-153.37274,214.58069,446.75726,-228.3739,390.70288,315.68805,16.05577,366.23566,354.6039,-15.919616,468.44205,374.56488,50.539707,454.5891,402.2805,-9.351885,543.46924,421.0772,231.87605,528.29517,433.91693,189.6617,549.8453,426.90997,244.38057,535.6608,434.90668,205.3319,574.4807,435.4919,143.88278,563.5148,444.5966,99.249916
00000155.jpg,357.89673,457.7238,-286.56134,332.67545,469.4249,-244.59865,331.40427,472.77194,-244.7443,329.96295,476.50464,-244.65457,332.608,471.2737,-297.45547,331.27667,475.9102,-297.55692,329.79535,481.02322,-297.3486,337.28702,519.0742,-31.036575,335.75705,524.6956,-277.65616,380.5958,475.9174,-204.5803,379.5264,478.29626,-276.02585,461.22354,500.41974,52.500965,412.6212,670.27673,-293.97635,488.39755,325.03876,92.6755,399.92667,794.5407,-710.0151,498.34164,153.4701,-61.59952,398.65842,857.31573,-1225.1635,499.12503,105.091034,-85.20341,392.73914,885.0952,-1319.2417,491.25842,99.84887,-157.65387,402.66055,870.50134,-1345.2043,491.93073,116.03975,-103.61473,409.9186,860.40204,-1254.5815,770.32196,625.83984,69.14801,750.2983,714.9423,-69.10997,988.7039,708.55884,105.18239,967.34467,773.41254,-64.774765,1184.9524,774.27185,398.1268,1164.9427,798.47974,206.69728,1200.8019,785.2006,414.42575,1186.2207,798.74493,226.06448,1266.2732,797.40564,207.47523,1250.4856,805.40094,4.002633
00000156.jpg,625.7755,315.50946,-4.4451385,632.3658,301.55084,11.128681,631.7679,300.26877,11.082915,630.9533,298.88367,11.081314,631.79987,301.24265,-23.124142,630.785,299.7259,-23.226675,629.5474,298.17902,-23.200851,616.97943,286.95288,90.6764,616.80963,287.57025,-62.217064,612.57135,316.80164,28.22232,611.871,315.41058,-16.46754,532.49554,303.2461,200.9079,553.2854,303.63712,-152.88779,521.20795,388.67746,189.20648,538.0946,396.3436,-159.89124,605.9304,404.01135,113.8261,616.80054,408.2919,-35.535286,632.4992,407.48422,109.16677,641.5392,412.96158,-54.21249,634.2082,404.33487,104.05727,641.41315,405.7381,-49.638817,623.1851,402.34085,107.282196,632.0214,403.99658,-31.227308,372.91464,302.64633,110.78383,374.77094,289.32388,-110.568245,239.56566,340.42545,94.2588,236.32674,330.01733,-98.95156,108.602066,367.47623,121.2117,99.004005,360.00967,-81.81597,80.25047,363.8095,120.55695,72.51286,356.0926,-84.66252,109.5341,414.7268,57.429424,96.80186,413.45523,-175.39204
00000157.jpg,371.52722,83.32838,25.321056,375.41595,77.87605,21.412786,375.2661,76.75226,21.378843,375.19714,75.5271,21.359434,375.66016,79.79738,5.8618813,375.6447,79.953735,5.8659697,375.73813,80.25202,5.920859,370.54074,69.273384,17.071018,370.9398,77.4795,-54.916824,365.06686,82.150925,27.567532,365.16043,83.70062,6.2816806,341.05362,54.905487,57.58945,334.12582,98.201965,-109.42466,393.4422,45.571796,79.00713,336.07632,151.12834,-124.506996,438.9729,48.370377,55.79445,349.95392,196.30255,-124.074745,450.62247,44.539238,49.18796,359.66983,203.99054,-146.26991,451.8422,46.695408,34.3076,363.1479,200.50873,-138.05331,447.00812,49.098232,48.464123,358.74112,197.41052,-120.38164,225.33057,74.94411,65.646515,223.97049,81.620056,-65.71192,166.31712,115.166084,133.679,133.99313,84.93196,-69.74947,102.87124,139.09052,220.49585,48.04217,61.006813,-73.65234,85.766655,144.06982,227.13869,35.44714,49.737377,-76.36723,118.89636,165.29979,212.74902,26.363604,87.5558,-136.35925
00000158.jpg,181.66599,392.7616,-697.4391,179.45111,404.83694,-717.38885,180.04456,407.7125,-717.4339,180.81992,410.34357,-717.6284,180.45998,402.98456,-724.9745,181.76378,403.83798,-725.02716,183.09952,404.8277,-725.0264,195.08969,424.78012,-699.1881,197.91144,415.74234,-734.292,195.22115,392.8886,-677.8258,193.926,389.29828,-688.2489,257.71448,450.7752,-628.46814,238.27301,384.68506,-603.4121,242.24055,398.36563,-655.25116,178.26332,407.6766,-614.54944,220.40085,378.7172,-747.3219,138.67502,385.37622,-651.633,216.55971,385.5868,-810.04846,126.540665,370.37192,-703.26807,207.73721,378.38254,-831.3443,127.64357,375.5221,-713.03467,211.97368,372.14783,-762.1559,136.28752,384.89017,-661.27374,381.0209,406.13626,-45.80812,366.39026,393.03015,45.910217,374.28876,519.94104,157.52017,426.1511,505.11218,292.3439,393.76096,612.5599,486.97778,471.3789,634.3809,646.6484,409.60754,624.15015,518.56396,475.1675,654.6444,677.47955,362.41705,637.9487,437.24625,447.0882,657.31964,593.1965
00000159.png,528.87,222.33224,-133.70798,535.7153,224.18326,-121.9952,536.82745,226.64037,-122.02428,537.7412,228.52773,-121.993614,532.46216,216.51208,-119.67078,531.533,214.06482,-119.67928,530.7326,212.10686,-119.68045,536.36426,232.61038,-45.307037,527.46564,209.75653,-33.434807,523.44855,229.53526,-104.87715,519.67706,220.53888,-101.38202,507.49036,259.15945,-7.4733915,494.17157,198.52718,22.738842,506.1255,294.6737,-82.30474,455.45,180.72057,55.76347,510.51096,320.19647,-261.04742,424.4566,204.01048,10.8480625,514.5387,327.9688,-296.9303,415.492,210.89552,-4.8559165,514.2428,325.37973,-312.22192,422.3736,214.42241,-19.834309,511.64865,321.66003,-272.7838,425.51175,213.3199,4.1743846,409.69138,266.88882,-13.463728,401.08844,232.72205,13.668324,331.52667,286.67603,-39.52788,324.46893,265.0709,-15.813604,259.48663,303.2638,49.555622,255.33185,289.74484,72.769684,251.32019,304.38388,53.170033,248.53029,293.6892,76.38562,237.98795,307.35037,-48.263367,235.32587,293.95752,-19.089546
00000160.jpg,344.79514,280.15146,-391.07874,336.04593,260.79956,-428.93338,338.51227,258.53778,-429.04178,341.43362,256.15826,-429.05786,333.67368,260.57416,-375.76202,334.52524,258.18777,-375.82806,335.76978,255.72745,-375.7402,365.43628,235.85889,-498.6362,357.7091,235.35199,-260.16797,368.82693,276.5358,-408.32773,366.66913,277.6525,-338.94537,495.2568,266.20886,-573.564,438.74582,247.80194,-63.580807,511.08102,406.04214,-638.21313,453.51462,368.14398,44.014545,495.4258,540.0057,-675.8164,446.37363,483.3774,-74.23277,466.81766,557.1713,-774.8385,415.9639,493.1163,-92.854126,454.5315,546.8726,-749.7771,418.03687,499.76755,-165.62921,464.82114,539.99524,-671.5342,432.93234,498.6445,-109.495895,719.2312,277.65457,-146.8984,670.19934,281.38028,146.98853,851.0839,357.98883,138.2019,801.22864,350.13754,475.72797,970.76697,422.11697,421.78015,900.56683,403.41077,856.6363,996.2486,426.54672,444.2858,923.0839,401.0465,895.36945,950.94006,484.79782,327.32953,901.8443,465.2715,845.47375
00000161.jpg,148.33145,238.03014,-52.29696,138.8427,214.11288,-92.45573,140.39069,211.71637,-92.49911,142.2684,209.18858,-92.3819,138.56932,214.2175,-30.767658,139.8418,211.84238,-30.785301,141.40248,209.21251,-30.681465,169.36508,191.70131,-178.53377,169.18219,190.20087,95.81562,175.18166,241.1912,-77.48975,175.21219,241.71724,2.9365883,290.52472,257.92917,-318.52255,317.02817,221.54831,294.1248,300.26138,436.94525,-345.98126,318.23923,394.94315,316.67453,290.2973,598.50195,-274.23584,305.27527,543.06445,168.8342,251.38625,607.9237,-344.90204,266.06586,540.30273,160.51941,245.23444,592.57477,-316.0444,263.5148,544.64996,87.21748,261.62778,590.1177,-262.19113,279.66806,549.2192,132.18892,597.40326,319.1293,-177.56142,608.81934,275.83405,177.63173,845.6676,428.5752,-138.6164,849.5856,386.3377,208.5596,1087.789,499.05896,-61.779312,1082.1343,462.76962,288.15555,1141.3479,498.4532,-62.55904,1135.845,465.72812,289.61823,1065.0819,591.02655,-210.42107,1061.8058,553.5919,161.64511
00000162.jpg,105.1513,334.4173,-418.81918,97.31725,318.19904,-403.29834,100.18446,312.82437,-403.4118,103.179955,307.70377,-403.31662,90.601456,331.40503,-401.89124,88.03885,335.8369,-401.90436,85.39407,339.84296,-401.78986,114.145874,299.58783,-269.48895,88.44001,339.37122,-260.5445,125.29356,330.34598,-365.2116,115.10994,347.37357,-363.1567,189.54042,281.7238,-146.79993,144.89008,404.89307,-167.49712,220.71887,177.36757,-128.9961,156.95183,499.63367,-185.36081,241.05302,84.084206,-264.12326,149.78462,588.3757,-370.49686,249.24286,54.62288,-297.59436,120.62183,596.3019,-409.72833,243.94298,48.967995,-345.92447,120.91918,596.157,-462.6164,241.37149,61.043884,-292.13,133.45708,593.3832,-399.33502,363.88364,397.64417,1.8301485,330.79453,457.58466,-1.8044494,494.0092,470.44098,8.957138,472.51453,521.40234,-3.6419916,621.0926,532.33826,179.20181,598.967,564.43304,149.03107,634.3899,542.3836,185.84686,615.0846,564.5616,155.40701,666.53235,552.4882,17.01188,641.1987,582.03156,-16.607336
00000163.jpg,113.0648,221.21495,-25.308798,105.27316,210.73206,-41.776566,105.71025,209.36845,-41.773323,106.30826,207.88937,-41.72448,105.19003,210.47296,-14.477938,105.560555,208.94809,-14.530653,106.07965,207.31657,-14.538587,114.89643,197.31915,-78.82269,114.41033,196.85562,42.668274,124.80391,218.97131,-36.79669,124.851555,218.77303,-1.1199217,163.12413,202.90442,-139.98659,182.31705,200.75945,122.26265,166.32408,282.79092,-192.10553,182.56836,278.49994,145.44861,167.86728,361.49258,-197.92699,179.8736,349.65628,79.05459,145.58044,367.32343,-232.93076,162.60011,348.80988,80.17081,143.10666,362.44107,-211.3777,161.12372,350.70087,46.681095,152.4428,361.33676,-190.2237,167.81639,352.5121,62.318764,304.24966,224.82286,-73.337105,307.92032,220.05061,73.36427,402.89313,278.12537,-61.58455,403.56894,272.512,79.1321,498.69852,324.37613,-20.981197,495.05685,320.27554,125.452194,516.1111,324.26202,-20.064156,511.1615,319.6243,127.59623,513.35486,353.67877,-81.6553,510.40695,349.9166,65.05645
00000165.jpg,923.1093,649.80585,-588.7065,944.60657,651.28577,-554.4488,947.0673,657.22125,-554.7008,949.30365,663.7501,-554.7486,937.75916,632.9144,-554.67615,935.5271,626.66266,-554.7096,932.69305,619.1753,-554.6664,942.87006,670.43964,-335.59406,919.0585,607.12286,-332.95758,906.217,667.0458,-504.43195,897.581,643.4957,-504.23233,855.8056,756.8895,-223.53271,812.34607,574.21844,-179.85854,870.5032,894.4018,-212.48143,784.07904,440.76102,-179.079,888.91205,1025.2332,-451.99146,773.86945,307.3567,-405.5624,924.1361,1042.1622,-510.173,768.5496,264.03754,-456.57983,929.34454,1042.7758,-578.7027,778.5085,257.42343,-536.27686,912.371,1040.3782,-491.4346,778.5602,272.67368,-452.68497,588.00714,813.2646,-20.501,539.5364,722.1753,20.693264,393.7589,916.85504,-51.895126,359.38904,851.48694,-7.6837955,224.33621,989.246,321.60178,193.56203,956.94324,302.3792,214.13277,989.16125,343.85202,187.92676,969.18774,320.8347,156.52878,1009.84143,91.666374,122.67587,989.6619,60.53038
00000167.jpg,274.26648,221.36816,-446.37018,255.03699,204.68369,-413.83762,255.60683,196.68872,-413.9103,256.71133,187.50246,-413.93207,252.66692,230.37764,-407.26154,251.40479,238.58026,-407.36176,250.63945,245.58817,-407.4245,265.85776,177.00548,-221.54523,256.4422,252.45398,-182.35115,296.52155,206.69502,-375.09323,292.72955,237.19684,-364.44473,383.37393,133.25847,-106.5083,365.23886,318.35178,-79.09388,372.95108,-2.0061207,-156.41896,366.187,450.30807,-73.672295,358.44595,-129.05406,-343.20154,321.13943,560.3989,-263.32205,350.90137,-177.62242,-372.58875,285.12878,568.6246,-291.82755,343.78574,-176.69014,-423.22165,282.31662,569.0935,-341.19592,350.43716,-161.9719,-375.81335,298.02374,565.3081,-292.05527,682.06,249.74876,-4.0986967,645.2025,351.0826,4.134243,900.6183,174.42929,-111.63024,821.16595,480.43796,12.143927,811.12195,375.73245,438.46417,979.58765,584.2216,222.06563,776.96173,382.2753,496.03064,1005.1091,585.25653,239.31705,836.42365,445.69336,458.1568,1056.6499,633.55347,69.88996
00000168.jpg,105.1513,334.4173,-418.81918,97.31725,318.19904,-403.29834,100.18446,312.82437,-403.4118,103.179955,307.70377,-403.31662,90.601456,331.40503,-401.89124,88.03885,335.8369,-401.90436,85.39407,339.84296,-401.78986,114.145874,299.58783,-269.48895,88.44001,339.37122,-260.5445,125.29356,330.34598,-365.2116,115.10994,347.37357,-363.1567,189.54042,281.7238,-146.79993,144.89008,404.89307,-167.49712,220.71887,177.36757,-128.9961,156.95183,499.63367,-185.36081,241.05302,84.084206,-264.12326,149.78462,588.3757,-370.49686,249.24286,54.62288,-297.59436,120.62183,596.3019,-409.72833,243.94298,48.967995,-345.92447,120.91918,596.157,-462.6164,241.37149,61.043884,-292.13,133.45708,593.3832,-399.33502,363.88364,397.64417,1.8301485,330.79453,457.58466,-1.8044494,494.0092,470.44098,8.957138,472.51453,521.40234,-3.6419916,621.0926,532.33826,179.20181,598.967,564.43304,149.03107,634.3899,542.3836,185.84686,615.0846,564.5616,155.40701,666.53235,552.4882,17.01188,641.1987,582.03156,-16.607336
00000169.jpg,148.33145,238.03014,-52.29696,138.8427,214.11288,-92.45573,140.39069,211.71637,-92.49911,142.2684,209.18858,-92.3819,138.56932,214.2175,-30.767658,139.8418,211.84238,-30.785301,141.40248,209.21251,-30.681465,169.36508,191.70131,-178.53377,169.18219,190.20087,95.81562,175.18166,241.1912,-77.48975,175.21219,241.71724,2.9365883,290.52472,257.92917,-318.52255,317.02817,221.54831,294.1248,300.26138,436.94525,-345.98126,318.23923,394.94315,316.67453,290.2973,598.50195,-274.23584,305.27527,543.06445,168.8342,251.38625,607.9237,-344.90204,266.06586,540.30273,160.51941,245.23444,592.57477,-316.0444,263.5148,544.64996,87.21748,261.62778,590.1177,-262.19113,279.66806,549.2192,132.18892,597.40326,319.1293,-177.56142,608.81934,275.83405,177.63173,845.6676,428.5752,-138.6164,849.5856,386.3377,208.5596,1087.789,499.05896,-61.779312,1082.1343,462.76962,288.15555,1141.3479,498.4532,-62.55904,1135.845,465.72812,289.61823,1065.0819,591.02655,-210.42107,1061.8058,553.5919,161.64511
00000170.png,176.31346,395.2872,-477.06635,165.89627,377.4559,-460.68958,168.38986,370.91064,-460.73575,171.0746,364.63644,-460.539,158.92548,393.1086,-464.6633,155.80112,396.8687,-464.7388,152.15454,401.1656,-464.61218,179.39195,353.7201,-297.62262,153.21463,403.50613,-319.7732,198.5644,388.86334,-410.52664,187.08554,408.59958,-417.27924,258.73373,325.99924,-154.50784,210.74158,474.05017,-257.49042,308.54007,202.4372,-148.07841,187.42403,585.3172,-568.8683,335.14426,83.2317,-264.1771,172.5012,624.2393,-1012.8189,344.28256,50.22918,-282.9924,163.52129,643.86505,-1086.5759,338.82516,45.956387,-335.21878,174.43645,632.7483,-1105.2349,337.23987,59.359856,-290.48685,183.55339,624.1747,-1035.313,469.6261,424.5421,23.8369,443.53964,500.03555,-24.057842,631.65686,499.78244,10.977053,618.0847,553.0791,-58.590054,802.495,563.35474,140.4883,776.4357,585.05676,81.51233,823.55176,573.2483,141.32779,792.1171,583.55347,86.20366,852.0207,583.6526,-57.47967,833.92633,594.45605,-114.40537
00000171.jpg,124.324135,242.76901,-77.382545,121.91507,232.71301,-97.12643,123.13827,231.91104,-97.16844,124.44626,231.17769,-97.18403,122.17971,232.19923,-62.12031,123.54651,231.06389,-62.138607,125.00738,229.84415,-62.053085,139.3419,224.82068,-145.61255,139.55891,221.99654,10.689321,137.38643,246.33836,-92.73963,137.31303,245.84007,-47.34785,198.5591,252.02585,-229.46033,209.19249,230.85637,128.51587,205.9839,344.01166,-246.55797,212.3556,314.506,165.7907,125.65032,343.77414,-181.10701,141.54402,330.2992,95.63594,106.176384,348.69168,-214.51666,119.67592,332.62732,92.03846,102.94907,337.58514,-210.5365,114.22756,331.10593,67.77881,110.23771,335.5787,-179.09448,122.70965,330.00296,81.12379,356.24783,269.89514,-106.201065,353.91528,249.30852,106.3669,476.82556,290.82208,-46.280556,471.32938,282.1849,162.86613,587.52606,305.87625,55.87917,576.78064,299.08493,256.32962,614.24207,303.8876,63.20016,604.209,299.635,263.369,570.4935,352.07028,-9.87044,562.0887,341.38553,206.9064
00000172.jpg,1102.0015,298.68585,-67.90522,1097.9048,317.52536,-89.14975,1095.0608,319.6874,-89.37619,1092.0204,322.102,-89.55619,1097.7632,316.65906,-47.792606,1094.8036,318.08636,-47.7583,1091.7799,319.676,-47.59979,1063.5435,329.66684,-133.84271,1063.2678,327.8247,57.345634,1078.6348,288.9028,-80.097084,1076.9882,287.3486,-26.155073,978.22577,319.499,-206.51285,946.1985,307.08545,136.12292,970.0046,480.2296,-275.6544,946.63464,452.67685,194.70215,964.3731,620.8022,-348.9168,935.3572,574.87744,124.448135,950.8473,639.9671,-393.72876,918.8833,590.2265,86.96193,934.4654,635.4169,-416.5357,910.98206,589.5415,73.45054,936.3904,625.9881,-359.08557,914.9548,584.0236,112.418594,659.7621,350.4191,-153.28168,655.26245,334.92987,153.75302,450.6076,470.05606,-148.19788,460.1567,449.07745,142.1557,249.1285,581.3337,-111.75552,268.5176,570.2679,212.52199,250.3375,611.8583,-111.39426,266.66965,602.25446,210.05385,149.0609,595.2779,-267.06937,173.80035,587.9498,96.552185
00000175.jpg,47.17269,289.406,-21.634571,39.31123,284.05878,-35.173344,38.96643,282.4146,-35.209496,38.67643,280.80438,-35.198765,39.78332,285.82254,-13.879072,39.73411,285.43372,-13.892911,39.672504,284.99265,-13.861805,41.816757,271.85956,-63.133167,42.272522,275.79013,31.968733,54.69538,284.82733,-29.552158,53.771484,287.02563,-1.9786775,81.91,272.3897,-109.920105,96.11981,270.20514,106.54805,96.72052,331.99402,-127.77902,108.268295,323.36655,142.95778,46.828735,335.5492,-70.88018,63.16308,324.3875,128.17265,31.561207,338.36203,-82.28448,48.95773,325.8527,126.76069,29.997135,333.27444,-82.49461,48.51837,323.94904,124.70648,37.09618,331.24823,-69.79888,53.79653,323.5273,124.636246,195.20523,283.6813,-61.807858,196.0789,279.10193,61.88723,282.11224,301.67374,-51.513557,279.70334,295.59314,64.62868,370.52698,301.63922,-20.869074,362.33878,297.38995,89.4068,383.79025,294.94412,-19.364058,378.8251,291.61917,90.24504,369.9318,331.28027,-62.686073,364.85165,325.92377,54.332848
00000176.jpg,205.80936,118.84894,7.9773793,210.55513,118.246544,12.318428,210.80655,117.73732,12.298334,211.09317,117.21109,12.311903,210.69843,117.88559,-2.636153,211.10214,117.068016,-2.651877,211.5975,116.101326,-2.6025183,212.61227,109.913345,38.260452,213.16414,108.63021,-29.46099,202.62712,114.97867,19.740345,202.77861,114.34488,-0.053016216,188.44173,99.54417,79.994064,192.60034,101.8583,-64.36047,182.83554,132.88103,97.06014,187.84251,138.46523,-87.46738,183.1358,162.40701,66.717804,187.38814,173.51128,-88.75168,190.92001,162.88997,66.25164,195.1964,176.6243,-106.091644,192.17813,164.4236,51.211388,196.50195,173.87587,-95.55639,188.80093,165.17073,59.51137,193.20593,173.11276,-84.877106,131.61948,113.44829,43.96383,132.66882,116.86908,-43.925026,84.2105,133.77084,22.666826,85.62699,136.98474,-49.473602,35.59157,151.7346,33.244102,32.93139,152.88454,-52.3041,27.248032,149.75926,33.193485,24.10789,149.88474,-53.55915,28.888494,170.90065,6.790763,26.012615,171.91394,-82.470604
00000177.jpg,233.1811,596.18475,-51.0051,216.06445,570.872,-91.28686,216.89568,567.1907,-91.33119,218.14236,562.89764,-91.22093,216.31975,571.1647,-25.218306,217.29434,567.5424,-25.249592,218.4593,563.3444,-25.160036,241.12553,535.791,-179.29915,239.05063,538.8533,116.721725,262.11374,590.2853,-77.10157,260.48578,590.2107,9.48848,367.37662,557.09064,-329.85217,405.15515,565.2225,307.63965,363.89658,757.404,-431.9179,414.94827,741.9917,353.78177,359.9361,932.1081,-433.59818,401.99258,908.45483,194.0603,315.62363,946.4146,-507.15875,360.0268,908.90955,189.05197,311.15283,937.2441,-468.7278,355.35162,912.05817,112.71486,331.2688,934.013,-417.84113,372.37714,915.6292,154.98828,675.87646,680.18286,-181.28862,683.93475,676.06464,181.26758,930.95337,783.4451,-153.4551,923.95245,782.9158,199.79453,1181.01,860.8101,-76.944115,1156.6674,848.1993,300.12653,1239.0786,860.0135,-76.995476,1210.0233,851.7189,303.52667,1140.2477,948.75977,-234.05807,1125.7157,937.1593,164.41505
00000178.jpg,162.45444,165.50877,-702.6547,171.30101,135.42473,-707.7374,179.20882,132.6105,-707.74866,187.4116,130.25658,-707.8988,152.25449,141.392,-686.5979,146.57948,142.1352,-686.7509,141.35371,142.65964,-686.8417,209.19328,128.20963,-641.709,146.28224,139.81783,-549.64856,184.21075,176.24278,-669.89307,162.16049,181.7376,-643.33466,287.4702,179.60709,-576.07587,148.14781,198.51181,-409.7952,305.25702,341.8265,-586.8912,138.72487,334.93573,-373.3852,283.2555,489.6552,-602.5378,124.38199,473.04123,-440.72406,280.25555,519.8013,-679.617,99.29336,491.80746,-483.74615,261.91965,513.33386,-674.64746,100.45175,493.39465,-532.88995,259.06815,503.42026,-607.18744,117.943634,488.80743,-465.50818,362.49182,254.19547,-68.675865,290.16718,269.2659,68.64143,418.28824,307.62735,261.01645,365.26703,297.76715,427.71356,453.97098,346.1691,627.63654,402.21356,325.95767,798.29193,466.88483,339.87473,662.4565,415.9564,321.8936,837.65393,450.83142,386.44977,593.162,408.09872,374.9374,791.0854
00000179.png,70.174995,258.2781,-50.608124,67.79539,252.96432,-61.369488,68.199,252.33838,-61.384846,68.63703,251.64561,-61.347477,67.70574,252.81673,-43.60526,68.059296,251.99683,-43.614735,68.43472,251.04486,-43.60112,74.72154,246.5802,-85.2481,74.05819,245.71428,-5.943408,76.229485,257.94354,-57.774143,76.28949,257.66913,-34.63617,107.021706,253.75948,-127.746025,109.12378,243.80737,54.935295,118.43306,298.5335,-161.13426,118.427536,288.09384,64.22752,119.856926,338.4349,-156.7431,119.575096,325.33484,18.36714,109.66108,342.63773,-180.074,110.23566,325.66144,18.41673,107.14014,338.74265,-168.19313,109.58158,327.71808,-2.1870155,111.06082,337.9576,-152.4574,113.403114,327.9561,7.9807043,181.98575,261.94482,-54.611847,181.78258,251.8596,54.62567,235.85364,287.93463,-40.861843,239.40956,262.39117,78.745094,290.81226,311.59323,-0.6145449,299.70236,264.86746,117.30886,303.1624,312.8371,1.8169695,309.49115,259.7087,119.712845,282.68338,336.22714,-29.778555,315.79272,284.714,89.49567
00000180.jpg,55.715454,112.771996,-136.32169,53.15425,108.04909,-128.15509,54.14305,106.18839,-128.2016,55.25547,104.463554,-128.20029,50.508778,112.80411,-127.799644,49.62273,114.35466,-127.82289,48.777706,116.09118,-127.798546,58.849907,102.6736,-77.5842,50.49108,117.84242,-75.60793,62.459232,111.56534,-117.10791,59.223404,117.76435,-116.64111,85.80271,99.29923,-48.82577,71.5301,141.17273,-45.77192,85.30206,65.69239,-60.15465,70.17327,174.09473,-42.534634,77.35179,33.88616,-103.98662,71.59984,205.08165,-93.73985,77.06841,23.999548,-116.571526,65.12509,207.77452,-103.89056,74.57711,22.83281,-128.52203,63.823982,208.60306,-122.62572,74.20884,26.72741,-112.21804,67.39955,207.73497,-103.98506,142.68535,141.93408,0.9596581,129.56612,162.32468,-0.89152443,181.65552,170.88313,-0.28167427,172.4854,184.60245,-3.9203017,222.48933,194.06555,68.13522,217.36139,202.09491,55.732445,226.0609,198.04836,71.78239,222.49797,204.35193,58.559246,237.36276,194.90147,15.306016,232.51357,203.21559,-1.4848601
00000181.jpg,181.07715,262.88745,-237.67204,169.28821,267.8342,-215.45244,169.05466,267.97598,-215.4806,168.73558,268.12952,-215.44391,169.33246,272.07016,-229.22034,169.05193,275.62228,-229.27985,168.58444,279.70706,-229.27676,174.86557,282.04495,-106.79896,172.81586,297.68466,-169.32632,194.81102,267.32285,-198.02573,193.16203,272.98206,-216.3415,244.69878,256.7235,-82.31378,228.6077,367.93085,-135.41739,255.63533,174.34544,-90.54368,207.08282,455.37576,-179.48349,247.15779,98.09863,-198.66417,174.7296,534.01385,-275.1849,243.59021,75.81854,-213.54721,147.95279,540.9791,-292.5775,237.71667,73.9132,-243.47983,146.9954,541.54297,-320.89224,239.83423,81.85244,-218.23778,157.88583,539.4381,-293.6045,418.8407,322.8695,13.1648655,398.91785,380.6449,-12.997193,520.15924,274.54608,-65.107895,488.20227,453.94128,-24.913746,455.91837,362.1791,268.2814,577.7235,515.1887,119.45271,437.26703,369.0732,303.80286,592.534,524.87067,132.85297,461.25107,411.94275,301.64322,595.3813,534.9209,48.64271
00000182.jpg,408.32272,112.15558,20.543222,411.72412,119.62947,11.715305,411.37085,120.678566,11.655276,410.92538,121.86048,11.617334,411.3964,119.53726,28.058668,410.82614,120.48624,28.08059,410.18173,121.52079,28.127697,403.68362,128.57204,-11.37272,403.20023,127.7898,62.60245,400.22946,112.58318,13.588016,399.50946,112.382515,34.610973,370.4793,139.29541,-49.98178,357.0209,133.8979,92.57458,360.7221,190.8801,-78.25276,350.3452,185.2962,122.45369,359.36044,242.30534,-111.88967,343.25204,231.68475,97.50683,355.96957,247.77524,-127.61622,339.34167,237.19466,85.23366,351.31134,248.47687,-136.41452,338.5701,238.08472,78.881035,351.43356,246.26884,-115.3378,339.87112,237.10458,92.5359,262.05936,151.21979,-56.730743,255.55093,144.93103,56.805065,182.45126,184.05037,-52.317604,182.45177,181.13333,43.19986,108.03524,228.40723,-45.218296,112.544655,225.29178,66.84006,106.88879,238.82463,-45.91095,110.99191,236.57852,65.08172,69.72272,235.5216,-101.29788,76.341064,237.51129,22.559877
00000183.jpg,343.95813,139.9644,-336.54825,351.35043,133.62407,-333.91394,352.5922,133.22156,-333.9632,353.984,132.73215,-334.13257,347.73715,131.45677,-349.3185,346.25616,129.45741,-349.33374,344.6507,127.34161,-349.222,350.27957,122.4981,-281.34814,336.03784,115.5236,-350.21466,336.92416,141.05046,-311.30643,334.10727,137.3914,-331.60785,335.70956,129.29027,-209.7097,272.1754,120.69174,-320.78812,332.64838,200.25192,-164.01334,264.01852,199.16211,-316.0102,337.81787,264.62668,-183.49672,259.5953,271.7813,-344.5825,355.20413,274.97125,-201.74423,260.34692,283.82892,-389.32114,349.84952,276.22363,-230.0942,271.28137,282.79065,-385.97583,338.3421,274.2397,-196.32382,273.29922,277.78748,-347.16592,246.50545,143.93842,42.133816,215.21504,136.84053,-42.115124,199.51791,166.28009,215.44571,179.47516,165.98012,141.91693,170.72418,182.79797,422.67746,150.97424,181.31573,322.8788,161.63846,181.23917,445.33978,142.60757,179.20013,340.36987,171.51491,206.5226,431.56598,154.71542,210.73949,308.8673
00000184.jpg,1807.3643,694.1622,-32.171356,1802.9266,721.5758,-68.93404,1799.2164,724.1866,-69.22746,1795.3677,726.89514,-69.43691,1803.0763,720.69336,2.6800501,1799.3611,722.523,2.7494493,1795.5616,724.35187,2.9347966,1756.6364,736.2381,-164.47328,1756.5372,735.8982,162.55788,1777.0964,677.8296,-60.87541,1775.7991,676.3108,32.019226,1610.0,717.45026,-331.36304,1571.4896,724.8512,321.23035,1568.8574,948.1085,-446.50476,1537.8125,936.9204,387.85358,1548.0161,1166.9797,-547.0676,1515.7025,1137.2491,253.57938,1516.0475,1199.2114,-629.7657,1472.7119,1169.1693,208.80186,1491.4459,1195.5934,-653.8717,1459.4403,1176.8728,185.96873,1500.4904,1182.2072,-560.5185,1469.02,1160.184,233.07655,1141.4557,780.4787,-295.36133,1152.8191,801.4718,295.87326,809.2653,954.0383,-266.81006,825.5732,948.85724,286.11807,510.1672,1129.4772,-150.93213,550.6675,1118.9442,494.85458,482.6316,1172.4647,-146.2511,538.2862,1163.4258,503.90024,425.91626,1142.0433,-389.06403,440.5043,1147.7443,342.8571
00000185.jpg,515.9013,223.48962,-22.502256,523.81476,214.0352,-11.935991,523.7084,212.76758,-11.994296,523.58325,211.22221,-11.993292,523.3768,213.70064,-40.918194,522.9291,212.14406,-40.960793,522.4006,210.26776,-40.926758,515.2101,198.62982,50.68973,514.1907,199.01996,-79.27683,504.895,222.45038,4.696006,504.12674,221.29796,-33.327988,451.9334,204.75458,147.01053,460.06384,206.96721,-148.91927,450.54797,284.8596,157.34773,457.0647,290.97366,-200.32982,451.08304,358.89767,73.34455,459.26788,370.8017,-195.5297,468.12054,359.89322,69.917625,477.11588,376.44855,-233.78651,471.22137,362.2281,35.490032,480.37372,372.40857,-208.4578,463.19,363.38483,55.947777,472.95123,371.41818,-186.67563,313.78595,223.1932,89.93966,315.54565,229.11218,-89.8263,210.70718,267.03174,98.72064,204.78514,274.71127,-77.53935,110.60013,307.84024,155.77614,97.188416,316.95593,-50.97785,86.621216,308.9003,159.04393,73.96147,316.9566,-52.054,100.37628,356.6358,107.33947,92.097176,367.77097,-124.748474
00000186.jpg,168.36307,180.60448,-164.00731,157.1095,170.37086,-148.34288,158.17712,164.45705,-148.37509,159.04004,160.12526,-148.22397,154.64584,185.39697,-149.21342,153.758,190.11284,-149.31575,152.72052,196.01332,-149.29924,166.14143,151.75226,-32.593697,156.76587,202.3597,-40.813423,183.07588,173.1101,-118.60009,179.91348,191.1993,-121.06376,241.29599,129.22314,32.188602,210.22173,248.16418,-15.160964,326.46527,91.06926,12.377129,219.39265,326.42078,-214.00919,380.5142,144.70538,-78.66134,213.27327,361.7789,-532.7295,389.49777,159.05325,-99.856514,196.66394,375.94077,-591.8356,376.1676,163.77972,-117.09688,207.66426,368.1968,-601.3321,371.74603,161.26797,-84.64947,216.96196,362.37885,-545.983,414.56628,193.71242,24.497602,393.63043,259.29977,-24.757936,556.3709,264.41718,7.583425,543.43225,300.14594,-66.29377,681.08105,317.3336,105.67506,673.5,340.50552,10.746234,690.7953,331.55038,108.40512,685.8188,348.97498,13.454367,745.74603,330.43143,-25.207998,734.576,345.0076,-133.28194
00000187.png,165.93814,331.39276,-186.40033,156.64325,334.41724,-175.52237,156.01103,335.52594,-175.5641,155.2904,336.72028,-175.54716,156.67961,335.1402,-185.39998,156.09451,336.7912,-185.35577,155.36157,338.6281,-185.27492,155.78981,349.0973,-113.74487,154.63232,352.7456,-157.64427,174.02434,337.25317,-163.95833,173.10814,338.21973,-176.69652,205.1574,337.88428,-76.76199,187.53438,411.06943,-142.0819,231.77902,272.1482,-94.36013,185.42978,479.4274,-164.05653,255.2721,211.87137,-201.43413,157.51944,532.675,-211.93451,259.95108,195.98026,-209.0201,141.0753,537.32214,-226.14835,263.00296,196.42955,-241.90584,136.74158,538.0392,-247.0133,263.32794,202.00607,-219.90218,144.69485,536.5561,-226.34567,313.7197,378.53973,22.600555,318.5931,422.88766,-22.817678,313.89935,289.28302,47.75871,400.23373,473.29276,4.3444433,300.08664,194.35542,100.636795,469.59302,515.93506,140.02214,306.0473,175.17342,102.54062,476.11893,520.9045,150.1962,259.58908,179.66965,59.783627,499.66953,531.5252,73.41846
00000189.jpg,524.6601,281.5808,-350.367,537.8432,283.63437,-331.4232,539.9169,287.44144,-331.571,542.08484,292.05865,-331.57767,530.59796,271.45264,-326.69113,527.8699,267.0313,-326.75006,524.7925,262.61288,-326.73737,537.6284,301.23972,-216.12608,515.7406,261.74985,-191.32486,516.139,297.0916,-307.00378,507.18237,281.84467,-300.02676,485.54446,370.9326,-161.77028,440.72165,256.98074,-117.053345,496.203,458.0516,-178.92816,416.94803,167.02165,-130.34747,511.3649,538.26715,-308.97766,408.06503,79.2732,-236.68745,532.64795,544.9831,-337.83444,405.9889,52.112316,-261.86496,536.1203,545.8196,-376.3691,415.15448,49.867764,-305.32336,525.2837,545.2518,-331.36536,416.40897,60.151966,-264.23593,326.12393,424.3966,-18.226059,293.35046,368.31866,18.360008,203.55827,481.6419,-10.452657,182.0677,442.06186,28.307655,92.7819,532.21844,112.12059,75.232475,511.62106,141.95082,81.572296,533.3013,115.54565,64.1282,520.51587,145.5377,52.481464,547.2384,-32.072647,33.279095,531.43146,4.165118
00000190.jpg,620.8876,244.58803,-24.241508,629.51056,234.28552,-13.131922,629.3859,232.72514,-13.202133,629.1552,230.97246,-13.167609,629.15704,233.65762,-47.076473,628.7182,231.71387,-47.074856,628.1235,229.57887,-46.99285,620.9568,216.56593,52.417515,620.1199,216.8484,-99.816666,609.4398,242.7325,5.015389,609.5905,241.31487,-39.31641,552.86304,226.15074,161.59512,563.8352,224.87198,-176.68408,526.3447,307.77704,196.13281,531.42645,306.84546,-225.68515,515.65717,387.30386,123.82178,520.7167,395.39868,-215.40862,532.2856,393.56064,119.48669,536.4706,403.37408,-257.04108,535.06134,395.44766,80.525246,540.118,400.5332,-237.40793,527.2113,393.58173,104.90163,532.4992,397.7792,-208.08165,392.85663,234.32608,100.38693,397.00824,247.39528,-100.29016,266.5543,245.22566,130.8794,279.40463,311.33707,-64.6775,142.0885,232.6615,191.80956,157.64488,356.24146,-20.23222,120.83158,219.72215,195.81152,133.32776,355.75354,-19.002295,129.64003,283.2961,141.80923,169.85258,407.9476,-88.23212
00000191.jpg,1008.9075,285.7935,-92.389465,1010.0855,267.4372,-76.5775,1008.3478,265.85083,-76.65222,1006.31726,264.03433,-76.5352,1009.6994,267.62122,-115.52216,1007.6814,266.31433,-115.53157,1005.3236,264.8851,-115.3646,983.6441,256.11444,7.000484,983.20593,258.92776,-166.83237,989.7173,292.7632,-57.59472,988.84515,292.2777,-108.20647,881.8897,286.70682,144.0104,897.53723,306.4959,-252.2424,865.5218,407.18445,168.35895,878.5602,431.54816,-289.43872,867.43475,501.9327,93.4533,880.5389,542.982,-269.91916,893.7119,504.07208,98.42034,908.62274,559.9017,-324.3315,898.67993,509.26904,45.75205,915.1208,547.923,-286.1661,887.9839,510.53586,70.48511,902.7894,543.1896,-257.01556,670.0225,324.4534,118.29172,669.2541,345.54712,-117.960266,533.0323,375.61276,226.00273,522.71985,394.1157,3.2259321,408.43176,423.76672,380.40472,379.51505,441.63434,97.82857,374.66235,424.30194,393.9006,346.59607,442.20065,102.70489,429.56488,484.73035,348.90845,410.77255,500.09872,26.12297
00000192.jpg,1032.4835,565.6904,-77.94861,1048.9127,543.9616,-47.222675,1048.1992,541.3383,-47.3458,1047.1206,538.2893,-47.397408,1047.5051,542.89484,-124.91595,1045.7366,539.3861,-125.09083,1043.5253,535.4753,-125.12328,1021.8623,513.2344,108.603615,1018.5976,511.9647,-239.77072,1009.26013,564.45056,-10.89469,1007.44226,561.2204,-112.7289,886.10425,512.6375,329.90158,893.83795,533.4815,-406.74567,908.3447,664.24207,345.90012,901.38983,704.5706,-528.0576,1052.1788,702.0145,149.2593,1060.7507,717.6359,-437.83884,1101.7386,711.4224,137.63292,1114.9067,729.29315,-506.31296,1114.0195,702.4727,115.6597,1120.2867,715.6886,-479.44452,1094.4142,697.2929,129.70891,1100.352,709.9112,-427.40768,600.1619,515.3943,231.11592,599.7757,525.1049,-230.90442,357.6308,545.71344,246.40254,349.50375,558.9573,-191.41293,125.823456,580.85333,381.6867,104.33061,587.21533,-101.83553,72.86089,573.6042,389.90143,55.092457,577.0855,-101.622826,118.8866,685.1506,273.38916,107.58549,694.7699,-274.18137
00000193.jpg,344.79514,280.15146,-391.07874,336.04593,260.79956,-428.93338,338.51227,258.53778,-429.04178,341.43362,256.15826,-429.05786,333.67368,260.57416,-375.76202,334.52524,258.18777,-375.82806,335.76978,255.72745,-375.7402,365.43628,235.85889,-498.6362,357.7091,235.35199,-260.16797,368.82693,276.5358,-408.32773,366.66913,277.6525,-338.94537,495.2568,266.20886,-573.564,438.74582,247.80194,-63.580807,511.08102,406.04214,-638.21313,453.51462,368.14398,44.014545,495.4258,540.0057,-675.8164,446.37363,483.3774,-74.23277,466.81766,557.1713,-774.8385,415.9639,493.1163,-92.854126,454.5315,546.8726,-749.7771,418.03687,499.76755,-165.62921,464.82114,539.99524,-671.5342,432.93234,498.6445,-109.495895,719.2312,277.65457,-146.8984,670.19934,281.38028,146.98853,851.0839,357.98883,138.2019,801.22864,350.13754,475.72797,970.76697,422.11697,421.78015,900.56683,403.41077,856.6363,996.2486,426.54672,444.2858,923.0839,401.0465,895.36945,950.94006,484.79782,327.32953,901.8443,465.2715,845.47375
