00000070.jpg,457.57687,464.59265,245.84262,446.07193,446.01675,193.82549,439.20074,445.69678,193.93393,431.61517,445.19168,194.19528,465.53946,447.59082,173.01122,473.07193,448.4614,173.16116,481.293,449.18185,173.44414,418.58127,457.37814,20.450901,493.29037,463.39865,-68.313675,449.09122,483.94183,198.70854,469.5436,487.0862,171.35677,347.19324,549.80084,14.285868,537.1353,549.96216,-170.96701,380.42416,376.09006,32.27201,525.46094,387.7243,-205.40968,441.8491,231.7091,-98.300125,466.01144,224.67108,-208.74539,443.38797,192.17253,-144.17891,461.0828,186.20634,-247.74619,445.498,190.15851,-166.97667,455.46887,186.33542,-270.3343,445.14407,207.72844,-116.5356,454.90686,200.75598,-218.37329,420.73257,928.08484,49.231327,526.52765,901.7978,-49.445442,461.2754,1200.4392,57.19476,728.9473,1001.503,72.17274,475.62582,1483.7446,-2.8216739,523.8479,1078.7024,452.42834,484.56403,1525.6394,-16.616495,486.87692,1075.5684,495.92288,463.42615,1511.6493,-127.0128,482.39655,1154.3727,597.3562
00000071.jpg,357.90402,149.20181,-333.7794,366.69196,131.62064,-303.02557,372.8783,132.30804,-303.1767,380.4785,132.7026,-303.1185,346.9873,130.79129,-301.5168,338.47684,131.16623,-301.67978,332.05222,131.7749,-301.67416,387.0504,142.09488,-105.46439,322.47534,142.19138,-101.02074,369.2633,169.57336,-259.26855,343.48566,169.8375,-258.00513,436.0917,243.14388,-39.722935,275.29047,246.47266,-0.4085529,491.2536,350.63983,-239.54416,245.18088,363.08374,-174.75061,379.60382,303.0366,-497.544,349.14706,293.57422,-475.75385,367.4757,272.47617,-543.7025,362.99014,268.5601,-535.20715,368.1181,263.20184,-513.3975,357.40555,257.51218,-503.68948,370.70566,273.97833,-487.88962,354.745,265.47772,-467.27817,384.92374,509.94702,-40.138916,295.63672,495.48688,40.22002,364.51846,691.61475,-55.74262,149.67618,585.9884,-221.23085,331.5011,857.43646,173.03026,321.35214,605.67175,194.77617,323.89868,876.58496,193.2448,348.62167,588.794,240.00546,332.45993,920.18085,6.464876,363.15973,678.8653,152.78612
00000072.jpg,784.74744,340.85706,-218.70808,764.36237,326.88284,-191.64554,760.905,327.9961,-191.6816,756.7247,329.2384,-191.47894,763.6634,327.53226,-275.51492,759.7197,329.0816,-275.6495,755.16595,330.74615,-275.61343,724.42474,350.44186,-37.575237,724.4553,351.27368,-421.57462,778.87854,367.1794,-151.77243,777.31244,368.90277,-263.287,721.9622,446.75812,143.97351,701.9493,444.16623,-591.25494,713.29596,281.2375,279.55548,703.7092,264.73538,-909.3208,695.2317,130.78374,69.53518,689.60284,105.088196,-1020.9069,688.88525,94.30906,21.222223,685.28815,67.955246,-1128.5636,682.78937,89.567406,-18.062113,676.949,69.79131,-1109.8379,682.0378,106.70915,37.123737,676.57184,83.62735,-1018.97705,743.9187,788.2479,258.2021,733.2353,797.0101,-258.4698,718.72485,1022.13086,412.9243,716.5074,1036.381,-138.34204,672.18115,1258.8177,708.8481,674.94183,1281.8606,113.83087,643.2319,1290.8517,728.18384,648.40576,1313.1334,129.53044,741.9381,1324.4843,583.42206,752.8479,1353.4224,-96.41886
00000073.jpg,2761.4194,1010.31915,-1438.866,2799.913,959.8476,-1336.7406,2823.8855,961.3235,-1337.2764,2846.835,963.73737,-1337.098,2735.8257,960.0385,-1304.5016,2714.001,961.2443,-1305.1947,2693.636,962.8287,-1305.8292,2875.5571,999.4925,-778.46924,2675.2617,991.4645,-623.794,2806.7966,1067.0011,-1232.1282,2726.9807,1067.4424,-1188.9093,2990.5796,1229.8145,-746.6893,2583.4373,1226.7234,-452.81363,3011.1206,778.4632,-1151.6497,2552.3306,811.9107,-681.1198,2833.7092,408.89938,-1304.1239,2740.0007,429.26483,-933.5432,2801.864,310.74506,-1489.5383,2765.2507,329.87708,-1155.4183,2795.3203,310.49924,-1472.8623,2772.0024,332.05667,-1127.5873,2797.8706,347.78058,-1324.6011,2766.954,369.54883,-962.79175,2862.218,2083.757,-166.28467,2570.4734,2028.4198,166.47319,2736.4512,2748.5034,-136.63176,2010.3073,2322.7295,-472.4429,2646.6562,3281.9626,781.0197,2590.9788,2329.6577,1390.5436,2613.1992,3350.1724,851.5686,2660.9285,2285.6619,1584.9507,2632.9233,3473.9976,191.12505,2688.9832,2567.6152,1417.4122
00000074.jpg,382.03726,256.5426,-313.22818,392.02856,243.19841,-282.46448,398.61475,242.82016,-282.61322,404.75934,242.68336,-282.5318,375.1972,244.35825,-272.2862,369.65286,244.54465,-272.4788,364.22595,244.7902,-272.6714,414.46487,251.76506,-138.5243,363.44733,250.66963,-87.44643,394.39972,272.16556,-262.16403,374.80664,272.53894,-247.56404,452.98273,328.71402,-165.14613,339.7649,325.1333,-52.999687,454.7416,207.6053,-300.67102,326.14178,206.98523,-125.15909,400.88562,101.35029,-338.82083,374.3464,100.82453,-206.60393,392.41736,72.93691,-392.65707,382.14508,70.552826,-270.69388,391.20044,69.41393,-385.75098,383.10867,70.306076,-259.79932,391.23523,81.09512,-343.95895,381.5714,83.11513,-214.8908,411.4922,566.58936,-59.42393,336.9598,558.4862,59.442783,403.7171,756.6235,-69.81959,182.69974,656.43756,-144.31856,377.23187,918.5635,157.61981,350.69345,661.69977,402.1775,369.35117,937.59204,172.86081,377.92615,648.16327,458.88928,358.23737,970.9369,-18.897173,383.6022,730.0878,431.19916
00000075.jpg,209.49266,144.89732,-118.773865,212.18091,141.35068,-107.23424,213.9888,141.4023,-107.28314,215.73817,141.52353,-107.253334,206.85323,141.46024,-106.32759,204.96526,141.50601,-106.384254,203.12927,141.5219,-106.430756,217.82066,144.1646,-51.283993,201.3758,143.48666,-46.56601,213.29959,150.67291,-98.60531,206.40822,150.97008,-97.29703,227.97299,167.86182,-47.859737,192.85178,167.12508,-34.11129,234.3316,132.00528,-83.95022,188.94852,129.54175,-57.163704,217.11597,102.40139,-98.44802,205.59357,99.4648,-76.86139,212.62173,92.80995,-113.33434,207.967,91.40903,-95.04689,211.72717,92.221306,-110.64597,208.53323,91.861916,-92.2248,212.26756,96.07748,-99.80216,208.31078,95.611404,-79.09498,220.49928,241.41614,-11.968089,195.07213,237.5629,11.992568,212.55167,300.4167,-21.33715,152.0653,258.06912,-73.47257,205.21973,351.4752,41.85343,197.11366,271.28094,75.23788,202.45566,355.20154,45.79582,204.56671,268.13226,90.200356,200.85976,367.9513,-19.348146,205.09668,294.44067,67.2795
00000076.jpg,416.33633,229.93622,-588.6594,426.5062,211.87915,-554.1177,434.07352,211.41496,-554.32513,442.28088,210.90347,-554.26245,404.33456,214.46648,-549.10767,397.2735,215.41032,-549.23267,390.6112,216.35016,-549.1683,452.5893,220.03653,-327.10425,382.60226,225.53032,-310.19507,431.64557,250.98479,-504.3247,405.18347,252.99142,-499.25357,518.0651,335.8286,-205.71062,339.7825,338.4258,-128.64655,612.22064,435.53683,-147.48645,246.71967,441.43936,-37.63418,554.6493,541.8894,-354.88724,310.74472,546.56134,-258.27844,529.76624,574.1887,-414.12848,327.4022,577.9608,-319.87946,512.2358,555.7989,-446.33527,344.29,563.6975,-351.3363,517.26917,545.9793,-367.1237,342.0398,554.6475,-271.84604,465.9864,613.4095,-43.731644,367.8258,600.1123,43.90871,439.86636,820.5286,17.448864,193.24667,710.0286,-190.28395,410.9014,982.63806,352.21826,390.01755,711.02344,343.08154,406.3643,997.23627,380.55643,418.8847,688.2552,398.8762,404.26233,1058.7762,176.79243,415.8755,787.853,319.72433
00000077.jpg,221.96071,157.87366,-191.47778,216.99529,155.43816,-177.54762,218.09709,154.36024,-177.59045,219.33931,153.18463,-177.5691,213.89145,160.43303,-173.54152,212.5113,163.01224,-173.62474,210.99086,165.69952,-173.62871,221.6564,161.26149,-101.44378,209.78864,178.60785,-80.77198,230.43083,161.36717,-163.80319,226.08682,168.15283,-157.7513,265.12494,172.59525,-107.53074,222.28607,224.70528,-17.660257,256.34222,110.54876,-164.68457,220.38692,283.94098,1.1667261,209.79707,83.299835,-181.323,179.16335,313.44876,-98.86685,194.56587,77.245285,-209.21332,168.61926,325.20956,-120.43874,192.22992,78.87258,-206.25934,164.98332,324.75226,-148.68143,196.67638,82.57159,-184.7497,169.31023,320.38614,-113.69415,295.36438,304.9385,-46.44869,256.96182,295.12177,46.531628,289.0264,394.80423,-62.272778,187.00815,331.8509,25.83266,264.64136,478.03476,-7.2063813,249.3683,330.58804,195.08696,263.52997,488.23096,-2.9186234,261.563,323.3984,213.55779,236.65843,499.52252,-79.30778,259.61053,343.35468,196.1677
00000078.jpg,274.68665,158.96097,-231.36624,278.29642,152.86714,-219.00005,280.91348,152.69043,-219.05838,283.43655,152.55838,-219.0013,270.66977,153.65924,-217.17712,267.94147,153.93007,-217.2376,265.31454,154.22545,-217.24883,286.32013,155.68768,-141.25272,261.9498,156.24074,-131.43051,280.5792,165.72507,-201.71147,270.8948,166.60434,-198.8512,306.43362,185.63803,-113.117584,249.10352,190.41667,-77.37261,342.57413,152.90765,-153.8581,204.7585,156.71266,-48.4823,373.8283,107.99019,-240.80875,172.60712,116.345184,-114.28433,382.3241,95.11289,-266.41058,161.5545,106.06152,-131.25322,380.72296,92.69303,-279.67133,163.06929,102.71407,-154.13087,376.73013,97.51958,-252.10075,168.1156,106.55476,-128.1229,289.0276,300.37085,-29.707397,252.42621,291.14963,29.886202,275.73508,378.06094,-15.263759,182.356,311.31,-35.286385,257.7041,452.862,44.249664,255.6409,317.6342,184.80234,254.44333,464.32187,45.49554,264.8263,315.2928,206.19583,246.63037,470.95602,-57.296665,269.52448,349.05096,177.88348
00000079.jpg,112.8418,59.89334,-73.476135,112.606,56.283554,-66.85088,113.21405,55.957123,-66.88249,113.939156,55.61365,-66.88122,109.68224,56.951664,-69.53663,108.37748,57.12186,-69.569016,106.862526,57.30822,-69.57798,112.30205,56.791275,-25.642439,103.021805,58.725628,-37.891964,113.71069,63.193165,-57.64305,110.2863,63.648575,-61.079,121.32967,78.04117,-2.9925387,94.61334,78.63651,-22.814436,132.5162,100.18155,-38.85558,97.735085,104.38042,-42.730076,119.57058,86.85069,-107.432785,115.0257,88.178764,-78.53275,116.65695,81.822464,-117.644226,118.17401,84.080215,-87.74324,115.716446,78.86732,-113.35119,116.1092,80.1852,-86.19109,116.30603,80.622154,-106.95694,115.23949,81.62975,-78.173546,114.559425,124.54844,-3.1096601,98.69102,122.734535,3.1010764,110.58235,160.69337,-8.474907,72.171715,143.39897,-48.520943,107.87152,196.24532,23.752438,100.84378,140.52994,51.959267,106.3723,201.00862,25.727047,105.81385,136.93727,62.52909,106.12842,204.2635,-16.146338,108.36927,153.59103,49.186386
00000080.jpg,184.10619,102.25039,-157.67416,188.58505,96.34814,-142.36488,191.32173,96.51327,-142.4055,194.16844,96.77933,-142.42737,180.91774,96.414986,-142.36008,178.03741,96.68095,-142.38263,175.76894,96.980995,-142.37338,197.65714,100.963486,-67.411354,174.48592,100.80974,-64.83152,189.72244,109.88421,-130.39413,179.56438,109.82892,-129.9301,211.78964,135.04303,-42.43988,157.52284,134.02737,-52.602272,246.5063,95.75705,-60.592873,128.43288,92.20544,-91.81697,280.13568,57.46168,-127.617035,107.714195,45.098473,-162.23776,290.46994,45.92698,-147.68896,102.76423,30.045015,-185.98727,289.35504,43.261517,-162.23405,104.3273,26.127377,-197.06908,284.9554,47.483376,-138.29597,106.48457,31.326221,-172.09311,208.18106,232.91182,10.114923,175.08873,239.33896,-10.011423,269.01254,278.69907,-62.08098,189.29689,317.916,-14.715777,201.17395,266.47388,142.22697,197.52232,383.7836,95.89963,189.93071,259.71182,163.50046,201.47795,390.89487,105.12513,189.98193,296.11975,142.98871,194.82164,404.67142,39.883884
00000081.jpg,271.57217,224.62894,-334.95984,277.8697,212.59283,-307.1179,282.8703,212.38351,-307.1448,286.56653,212.55498,-307.10544,263.7789,214.42322,-316.5453,258.98547,215.15277,-316.66922,254.55844,215.88391,-316.7831,291.9293,218.65843,-165.553,248.78825,221.70941,-205.94313,280.9774,237.82755,-281.89523,263.7742,239.56366,-294.34805,316.1083,278.89734,-119.61798,225.1474,279.64676,-219.97891,327.26422,169.27254,-171.6534,222.99792,177.79514,-353.04715,287.09592,81.87323,-219.83472,254.89119,83.24349,-372.3804,278.41446,63.20382,-253.70511,262.3365,65.0949,-419.73532,274.65436,62.77545,-246.68396,263.72903,65.64319,-400.333,275.9074,70.95678,-223.52472,262.8953,73.4549,-371.36136,318.836,469.14096,36.553837,250.11818,478.76047,-36.594677,440.71567,546.07623,-138.49852,267.85428,609.84735,-191.25864,297.08563,553.94104,236.64027,282.61832,763.78125,-30.647747,275.4349,539.448,277.28613,284.39386,777.66565,-16.367989,274.43912,607.966,241.33505,285.0943,798.8233,-154.95549
00000082.jpg,1364.0502,815.78925,-1191.5072,1394.8964,769.623,-1108.2084,1412.9775,770.79016,-1108.7517,1431.0845,771.92615,-1108.7015,1337.6134,766.33405,-1098.6239,1314.2761,766.4983,-1098.9468,1295.8098,767.40027,-1099.2552,1445.983,795.1963,-522.7928,1271.0599,790.7484,-485.72153,1395.5232,877.859,-965.72125,1326.1638,875.76355,-954.8014,1569.3396,1075.7142,-268.76404,1144.647,1068.6432,-44.069866,1632.3439,1443.3938,-740.1266,1002.5746,1449.5354,-498.3255,1371.3501,1300.2886,-1665.6895,1246.628,1302.2294,-1611.0248,1338.2982,1226.282,-1843.1172,1295.2239,1230.4083,-1825.1074,1348.4235,1180.017,-1802.8783,1285.3164,1182.3741,-1771.4808,1354.72,1213.1239,-1660.9648,1279.4559,1214.5634,-1609.948,1434.9745,1749.7584,-156.34123,1187.231,1732.021,155.99475,1457.7605,2283.4048,-207.15666,775.1624,2050.1519,-446.6204,1475.3838,2792.5583,472.50885,1281.6122,2046.48,989.8897,1477.8689,2852.976,516.9165,1343.1079,1980.8374,1133.873,1435.238,2931.7104,-151.73502,1386.6263,2232.306,857.8579
00000083.jpg,193.79239,44.193413,-124.913445,198.52895,37.560192,-111.51948,201.74925,37.58137,-111.54902,203.94785,37.656837,-111.4909,190.05975,37.439396,-110.09643,187.33464,37.458977,-110.16245,184.37195,37.484135,-110.17573,208.56306,41.02668,-33.333736,182.10641,41.689587,-27.407314,198.71057,52.750362,-95.54145,188.86775,53.236423,-93.766106,228.23688,84.41155,-3.8330517,163.76402,86.03439,15.148452,253.22798,125.3958,-49.050568,140.56812,127.446266,-40.561165,201.82582,119.42023,-128.39194,187.74532,121.28367,-143.66202,195.50206,108.66647,-143.82233,194.30873,110.80216,-166.65674,196.36433,104.312744,-134.24484,193.65678,106.642624,-152.84795,198.36996,109.230675,-124.55147,192.9693,111.75703,-139.08144,209.99191,185.42542,-21.955416,172.4878,179.24525,21.917778,203.10486,262.75555,-27.703655,108.4636,227.05048,-61.564938,193.18375,327.44122,80.1052,179.91975,213.52496,149.8763,190.3397,334.57498,88.40802,190.9008,207.41835,172.6231,186.4948,354.36365,13.114343,192.80397,244.08679,153.74358
00000084.jpg,298.83838,112.4901,-155.83487,303.25504,107.08787,-140.72151,306.00302,107.35571,-140.73375,308.9336,107.90105,-140.72198,296.02725,106.84235,-142.05284,293.85828,106.865364,-142.1114,291.5485,106.981674,-142.18314,312.50354,112.57569,-65.919586,290.40714,110.507645,-70.04405,304.2705,120.34257,-128.18025,295.29523,119.98496,-129.72006,325.0568,142.92622,-46.647324,278.4214,142.67557,-77.06727,329.84592,88.25488,-85.533646,277.0096,87.476974,-141.45276,310.43283,38.867226,-118.952034,297.11356,39.153717,-160.16943,306.78223,26.113558,-142.44264,300.36115,27.378809,-187.04822,305.22244,26.275848,-139.26244,300.64542,27.820093,-179.8712,305.36542,31.38174,-121.67754,299.813,33.05615,-161.45496,323.7638,238.2785,14.769092,286.66034,245.18176,-14.725086,390.24094,272.43723,-86.46446,299.94745,325.02954,-43.822903,321.8103,276.53513,108.732834,309.40164,397.2937,55.596733,309.6655,270.00717,129.96016,313.14417,406.0846,63.890656,305.78854,303.1329,108.70682,308.38773,417.4588,-5.8591185
00000085.jpg,244.81032,111.331955,-171.80392,248.4947,105.91024,-158.52745,251.009,106.05437,-158.62592,253.43587,106.14303,-158.64793,241.20703,106.05615,-154.93137,238.62683,106.17185,-155.00839,236.02469,106.18475,-155.07695,255.83492,110.12525,-90.55584,232.24945,109.89427,-72.434296,249.6421,117.86102,-146.85326,240.37006,118.539185,-141.70819,269.33536,143.95769,-88.57142,219.24443,141.90298,-41.121567,278.0199,95.821594,-147.52892,207.03609,94.527466,-59.348877,280.30963,47.27588,-193.53423,203.3824,43.24893,-109.59594,280.99725,39.847687,-219.04721,201.9058,34.474407,-133.5165,278.2952,39.20401,-219.07246,204.91211,33.723614,-139.53195,277.10672,41.934982,-197.81941,206.00206,36.55136,-117.175385,253.07632,238.97462,-24.313692,219.94218,236.17636,24.306263,246.51009,312.5296,-17.289007,166.48735,283.08093,-33.327904,236.39183,385.8213,59.167225,225.90015,284.95157,170.50456,235.51767,393.69473,62.76567,235.19821,275.8943,190.62257,230.2265,404.34332,-25.551527,237.5764,308.92105,166.43571
00000086.png,393.7391,76.68443,-138.90968,398.39062,69.393486,-121.44659,401.8003,69.49425,-121.455635,404.21472,69.616554,-121.429504,388.54037,69.61365,-126.83122,385.57602,69.92769,-126.8972,382.2299,70.29127,-126.85807,408.1883,74.33705,-21.395626,378.8288,74.8668,-44.46792,400.0573,86.46321,-101.66041,387.56982,86.90265,-108.452415,432.0253,124.71266,33.914486,353.929,125.08303,-25.851896,465.46146,177.68565,-50.375492,325.10443,175.443,-133.78313,406.8795,167.89848,-210.29163,381.0192,167.05862,-269.23813,397.25696,155.53549,-245.32077,391.58493,155.42778,-304.98203,398.52356,150.30705,-228.48618,390.88388,150.90833,-291.41284,400.85855,155.97272,-206.50754,389.12747,156.71277,-265.33395,421.95984,235.19046,29.00726,376.9899,243.49391,-28.852009,508.09402,269.07425,-88.93674,389.12534,343.65158,-69.46523,416.91064,277.38986,141.27708,406.18643,433.39767,45.96197,401.57236,269.19492,165.24382,408.5464,443.45206,54.645817,397.82153,312.92722,129.62964,414.43115,460.26038,-39.618065
00000087.jpg,640.2986,180.40126,-289.8318,649.4133,170.06639,-263.93054,654.76416,170.1626,-263.96548,659.05524,170.57512,-263.92575,634.4675,170.15228,-266.17975,629.952,170.31723,-266.24234,625.5212,170.58003,-266.24335,665.8136,178.21779,-130.7477,621.1113,176.39584,-138.97305,650.4302,193.67021,-240.78671,632.56244,193.59421,-243.55295,689.69556,231.202,-98.443085,598.0844,232.76355,-121.39021,718.2178,143.0279,-176.00966,573.1132,142.78697,-215.47205,656.5506,77.88457,-217.38649,635.4828,77.82071,-218.26837,648.2683,52.895866,-257.58597,644.2203,56.29562,-254.69131,645.62445,54.09359,-241.9791,644.6777,58.292812,-237.30643,646.69275,65.89784,-217.5017,642.7417,69.22202,-217.15707,688.34326,394.2132,13.101178,628.7756,400.67847,-12.96029,787.9702,477.04645,-153.0476,640.9903,532.6581,-37.07379,671.399,457.46222,194.54498,658.8635,643.02325,166.98311,653.83093,443.1967,230.43164,664.30664,657.6667,182.66614,647.5727,499.32758,181.45491,651.9825,688.7612,65.85571
00000088.jpg,850.22363,142.89438,-318.00543,865.4332,124.763016,-284.09363,872.9703,125.06978,-284.2008,881.0872,125.6,-284.06732,841.80176,124.37701,-278.85138,834.02014,124.63381,-278.98566,826.93774,124.93098,-278.9902,891.12396,137.71924,-69.14606,822.98987,135.97365,-47.77723,865.4622,166.81688,-236.56543,836.11176,166.75876,-230.25322,945.38806,257.908,8.381929,774.972,252.3263,77.95101,997.65045,383.75208,-143.6987,728.5717,378.44183,-77.27441,877.36273,333.99246,-387.13565,843.1049,330.56693,-396.30576,865.70776,300.7231,-433.06714,860.9614,299.9092,-463.0249,862.14905,288.9925,-405.37357,856.2254,287.34683,-434.06802,865.5756,303.3744,-377.26413,852.9468,300.55634,-389.38132,884.50995,520.13434,-66.51209,784.1582,504.43033,66.37093,854.0929,739.05786,-100.11997,604.52716,639.1377,-175.62291,822.22784,931.60626,195.82013,792.50854,609.71686,476.18597,815.4405,949.76575,219.35954,823.13916,591.1295,546.3134,814.03516,992.74646,2.0822103,840.4929,689.70215,494.45676
00000089.jpg,172.25058,114.857346,-204.4593,177.39627,106.70449,-184.29181,180.8204,106.45821,-184.33682,183.62941,106.39194,-184.33449,167.97859,107.76315,-186.92586,165.00803,108.12407,-186.986,162.02628,108.5635,-186.99539,189.29784,111.76973,-82.606705,158.5132,114.55592,-92.88602,179.34312,123.571144,-167.02707,167.63266,124.56175,-170.40924,212.49156,157.64981,-46.436993,142.21202,162.42711,-78.08413,234.0854,97.33175,-82.08764,116.34649,102.95947,-127.08015,177.75818,56.541466,-90.339226,165.00017,55.43992,-99.39083,171.19989,40.50085,-112.550865,171.53076,39.57233,-120.676605,169.90366,40.354908,-98.61233,172.39061,41.00938,-103.79946,171.31238,48.972717,-88.1931,171.09491,48.40639,-95.6731,204.34535,283.4337,19.525171,163.1785,289.16504,-19.383957,286.52234,334.65103,-143.93034,175.30183,390.2438,-41.550335,201.31815,357.77798,125.31895,192.7335,465.57587,134.20421,188.72012,349.02512,153.73564,196.14095,474.60645,149.18974,187.88803,399.38586,116.05957,190.0333,499.16974,61.58908
00000090.png,1100.3341,185.58641,-318.35806,1113.0706,165.99673,-279.09872,1121.792,166.14099,-279.17505,1129.1685,166.43335,-278.99353,1089.2698,164.92743,-276.36414,1080.985,165.00513,-276.50253,1072.2902,164.87712,-276.52194,1140.9199,175.30022,-53.021385,1066.057,173.02193,-39.16775,1115.3643,208.07387,-232.79097,1084.8146,206.45296,-228.65314,1194.2164,285.97528,27.508085,1007.94763,269.82394,76.3852,1238.5452,407.3583,-205.40985,937.36414,389.19043,-142.69762,1111.6975,351.79056,-565.7167,1063.3579,350.42703,-507.46164,1094.4235,315.59277,-632.77216,1083.2222,325.87628,-587.0515,1095.674,307.0981,-593.6974,1083.717,316.6968,-542.2389,1099.2255,323.377,-555.5295,1079.9033,329.03952,-494.75458,1133.2715,561.3025,-64.642166,1013.8646,546.07245,64.57645,1099.1855,772.9705,-198.84444,851.1756,672.432,-305.7672,1085.3798,965.3474,180.13344,1029.1504,778.5013,228.28223,1080.0889,983.721,206.99782,1057.7622,768.80396,279.57205,1071.1141,1031.8291,-37.45206,1063.1779,871.0085,150.65579
00000091.jpg,280.1029,296.5531,-316.63306,290.2415,284.20523,-281.06323,297.40747,284.4783,-281.1166,303.68964,285.1829,-281.07602,271.27066,286.09308,-292.3423,264.92487,287.4874,-292.4488,258.75043,288.9072,-292.61328,312.40018,297.12802,-95.16435,252.38446,299.20413,-141.81474,292.8691,315.62393,-246.23932,269.16397,316.57144,-260.38113,342.27597,368.66766,-34.39784,223.61496,372.32397,-134.1054,348.02225,239.07927,-87.64807,215.08824,247.22676,-255.46013,299.92215,142.05464,-143.92973,258.43158,147.91449,-267.52728,281.73666,139.67024,-198.27939,266.16772,138.78107,-324.72525,280.24854,139.1634,-187.54816,270.6893,137.81082,-315.1671,284.0436,141.00517,-150.05623,269.33047,141.33447,-272.42648,329.39645,620.42664,36.974075,241.13434,627.4071,-36.733585,477.64783,735.1851,-144.03703,268.10632,823.8762,-56.388214,310.18576,709.7313,367.81903,295.87454,992.0945,252.95935,283.2486,692.838,420.18912,297.50323,1007.8869,277.96887,275.57117,771.8128,347.97644,304.94055,1055.0865,95.64765
00000092.jpg,661.6847,265.46848,-445.53226,675.9271,245.18106,-406.46732,685.2031,245.08609,-406.5312,691.55756,245.18494,-406.4114,651.7546,245.1145,-395.8671,644.8131,244.9023,-396.01584,637.8222,244.75572,-395.98877,703.6581,254.71533,-207.02579,631.64703,251.64699,-156.4535,677.9317,284.25598,-374.40833,649.1738,283.8258,-360.64346,742.6702,348.5457,-236.67528,595.44543,347.1091,-37.661156,813.8334,193.52835,-357.66202,512.0115,205.59363,-80.19475,686.5591,128.46867,-190.55461,638.86206,127.17976,4.9200563,663.8122,98.61564,-208.6516,655.8043,92.57771,-13.008166,660.5588,103.913216,-154.58258,659.95294,103.109314,42.850307,664.6625,120.895615,-170.78339,655.4661,120.64175,20.182093,715.0531,669.0585,-92.2732,619.72565,658.2263,92.40225,684.19763,863.11975,-479.08884,420.64148,724.21466,-144.80757,676.7039,783.81,213.49748,617.30536,789.0382,173.62703,680.8083,754.2476,297.86792,644.1761,774.38324,212.80049,632.9557,826.1623,354.76968,616.47064,861.51465,205.6563
00000093.jpg,810.2146,158.48769,-283.60358,816.38477,149.44453,-264.5434,820.8341,149.53998,-264.67776,824.5014,149.59769,-264.6616,804.749,148.98637,-265.81683,800.99774,148.76782,-265.92148,797.3778,148.56459,-265.98636,827.74457,153.18976,-154.59798,790.2093,151.31354,-159.46602,817.0757,169.90147,-241.64153,803.1076,169.54163,-243.26343,845.80035,196.58534,-105.04395,765.8136,197.2992,-123.62215,893.0157,142.70284,-146.03047,716.2795,135.36018,-143.0342,931.9588,72.32389,-250.48552,683.22296,64.58813,-227.72871,946.5138,53.551636,-275.6097,668.9277,44.975662,-261.61987,944.53955,50.28652,-298.0778,671.2595,39.290703,-276.29492,937.6554,57.481373,-266.634,678.0088,47.42223,-241.60982,823.71674,357.31662,-1.2572702,768.7461,347.98392,1.2884852,809.0674,468.3796,17.16983,689.78265,412.63715,-116.47611,790.8601,573.1537,114.66275,780.8165,384.1868,177.83742,783.90216,586.03064,120.19927,792.6652,372.9569,208.99675,797.43567,605.1713,10.444352,813.31244,408.97495,189.07776
00000094.jpg,221.96071,157.87366,-191.47778,216.99529,155.43816,-177.54762,218.09709,154.36024,-177.59045,219.33931,153.18463,-177.5691,213.89145,160.43303,-173.54152,212.5113,163.01224,-173.62474,210.99086,165.69952,-173.62871,221.6564,161.26149,-101.44378,209.78864,178.60785,-80.77198,230.43083,161.36717,-163.80319,226.08682,168.15283,-157.7513,265.12494,172.59525,-107.53074,222.28607,224.70528,-17.660257,256.34222,110.54876,-164.68457,220.38692,283.94098,1.1667261,209.79707,83.299835,-181.323,179.16335,313.44876,-98.86685,194.56587,77.245285,-209.21332,168.61926,325.20956,-120.43874,192.22992,78.87258,-206.25934,164.98332,324.75226,-148.68143,196.67638,82.57159,-184.7497,169.31023,320.38614,-113.69415,295.36438,304.9385,-46.44869,256.96182,295.12177,46.531628,289.0264,394.80423,-62.272778,187.00815,331.8509,25.83266,264.64136,478.03476,-7.2063813,249.3683,330.58804,195.08696,263.52997,488.23096,-2.9186234,261.563,323.3984,213.55779,236.65843,499.52252,-79.30778,259.61053,343.35468,196.1677
00000095.jpg,201.0594,101.21794,-149.78648,205.50928,96.285706,-132.24585,208.84358,96.57188,-132.29251,212.05759,96.975296,-132.31216,196.17885,96.50141,-132.66327,192.7459,96.94059,-132.70552,189.33894,97.538895,-132.66087,214.68282,103.999855,-53.04244,184.70854,105.30062,-52.697056,207.78273,110.924545,-121.99506,195.57944,111.17347,-122.08371,238.66292,147.21208,-40.085968,165.69484,153.47456,-42.427677,287.58014,112.55753,-50.768406,118.53942,113.276306,-75.050865,327.34988,74.52423,-118.90078,74.57089,71.88859,-148.47806,341.15643,66.13853,-135.05008,58.36307,62.864735,-165.26996,341.03265,63.09929,-153.71237,57.24784,59.676624,-183.57846,334.91525,66.92021,-131.48938,63.518723,63.207783,-161.77003,237.55696,268.66214,13.359158,192.43333,275.963,-13.137448,307.8105,314.84073,-111.48191,203.22647,371.86874,-38.225536,235.92776,311.9534,97.48166,213.35945,446.62305,63.383926,222.65527,303.61578,120.43605,216.17291,454.64444,72.33931,216.81737,338.80444,109.13801,219.65808,471.8732,8.152915
00000096.jpg,231.9842,124.30088,-119.51676,230.97804,117.90105,-105.09065,231.95499,117.579926,-105.11934,232.92805,117.17608,-105.09621,225.59084,118.49515,-112.88957,223.1234,118.563194,-112.939476,220.09465,118.773964,-112.9607,227.92006,120.31877,-22.28649,211.12358,122.36732,-59.834976,232.90765,130.95154,-88.39106,226.00996,131.5969,-98.90034,246.84946,159.35431,13.447468,194.2644,163.7812,-23.590208,273.00568,207.15071,-35.28199,201.47768,215.40602,-55.728252,244.7575,180.00658,-146.79784,236.79443,184.42087,-117.51837,238.24211,168.50122,-167.29303,239.85727,173.76059,-134.5076,237.09526,164.4039,-162.78815,235.6676,168.22743,-130.78514,238.98816,169.10463,-147.98943,235.3859,171.73962,-115.85893,244.8904,249.79456,-12.777727,212.6339,247.12721,12.942299,230.72296,325.5479,-37.933064,150.1157,291.6803,-68.401375,222.20166,397.2492,8.570704,210.15648,284.31744,117.20015,218.81493,409.3483,11.525357,220.59448,275.6391,136.47906,222.62352,414.51913,-66.80865,224.3256,310.97092,112.40237
00000097.jpg,502.6696,85.03466,-171.71362,509.51035,77.462265,-151.94077,513.2539,77.85782,-151.99785,517.4675,78.18796,-151.92676,498.01978,77.25682,-150.06476,493.35938,77.49479,-150.15692,489.5275,77.75987,-150.16267,521.6156,84.20123,-33.48865,485.27975,82.912575,-26.72495,510.23734,98.52373,-126.84885,496.6041,98.1792,-124.820946,549.9809,145.20973,6.6725307,457.91907,143.06908,37.076126,577.1866,207.12486,-92.40809,432.16953,208.43623,-59.78355,516.1103,185.99327,-254.86005,493.17383,184.4325,-246.02771,507.6912,170.48601,-284.81308,504.24976,170.77803,-284.5198,507.7622,161.48064,-271.03943,501.34598,162.0196,-267.46558,509.5984,168.12247,-251.2182,499.8722,168.33002,-242.25795,519.24164,291.01074,-32.549194,466.2956,285.0824,32.482647,501.6237,406.5729,-41.02309,381.47253,359.56345,-97.43699,486.49533,509.648,124.49786,479.85104,335.264,260.49854,482.52176,520.45404,137.13446,494.2341,323.7181,299.09396,482.5315,537.5358,27.368721,500.41824,380.11255,280.06778
00000098.jpg,266.14084,273.386,-308.09357,274.5827,263.99716,-278.2587,279.84402,264.31042,-278.26672,284.86603,264.91412,-278.21362,260.74112,263.9355,-282.55798,255.70995,264.30234,-282.6593,251.16068,264.7621,-282.7927,291.67834,273.45923,-129.6428,248.79364,271.6858,-145.65128,276.1431,287.97174,-252.7081,258.01108,287.28384,-258.06534,319.8194,333.64392,-88.0455,224.94063,334.53314,-170.70697,330.1182,225.03934,-165.71977,225.4123,225.66397,-313.95898,294.8194,125.748505,-238.6141,267.2409,124.118195,-360.84406,285.9627,99.19321,-285.78577,272.9969,100.35947,-418.45685,283.10248,98.22186,-285.68793,273.38266,100.56125,-400.9866,283.52057,108.17114,-247.0191,271.8592,110.375,-362.4025,317.69287,526.97455,33.513924,243.43372,540.24774,-33.42097,452.804,596.0188,-160.91734,269.22388,707.9365,-88.662865,309.84583,608.21564,244.19977,290.43103,853.61206,128.20573,281.87634,595.8981,287.2003,297.36316,872.41956,145.74973,283.6518,668.28845,242.72539,287.68857,896.67676,1.4326198
00000099.jpg,497.8326,241.00323,-323.74197,505.59485,222.32156,-300.85413,511.57236,221.24919,-300.90128,517.5275,220.44612,-300.8582,486.45264,225.06119,-302.6954,479.75674,225.64514,-302.76822,473.54102,226.20222,-302.78366,524.2861,224.1843,-146.35614,466.90717,229.48978,-154.46838,509.36008,256.67697,-263.81592,488.1546,257.54803,-266.59723,543.00525,300.62302,-28.415613,445.73828,300.7991,-67.6641,596.104,399.75284,-71.533104,391.85995,399.1756,-139.9722,505.81122,399.40265,-257.9385,484.48996,398.38217,-306.73306,493.28983,382.70093,-299.97723,497.963,387.49738,-350.37628,493.0728,371.1391,-287.45032,497.1387,376.27798,-337.24225,495.97772,375.95554,-254.74396,494.12527,380.43234,-301.26703,519.52234,489.93967,16.72165,466.547,491.76144,-16.50544,594.78406,588.54156,-183.73373,494.04105,649.3916,-34.41377,515.7058,673.78644,143.06108,498.16095,788.1221,187.57266,499.4681,669.1768,172.78265,498.62698,803.7065,202.45439,498.53952,737.695,60.543804,483.13242,816.39716,42.40764
00000100.jpg,477.56543,256.68024,-403.41202,489.70956,238.3517,-371.9608,497.3007,237.6594,-372.16385,504.9845,237.19421,-372.10553,469.20245,239.20982,-360.93903,463.15527,238.82303,-361.04257,457.2661,238.51326,-361.00372,515.0587,242.27652,-201.38358,453.4548,241.67618,-143.96584,493.29718,272.6925,-339.6889,469.23978,272.95267,-323.29483,554.75946,308.38138,-165.90045,427.235,314.24338,-65.15371,603.86273,229.67508,-297.10214,360.36688,249.20901,-92.41694,658.8316,115.20651,-494.6443,304.39496,139.79253,-261.55917,683.2509,81.67786,-564.8897,284.3894,108.19682,-324.4738,676.585,75.76832,-588.12823,293.9345,99.87238,-351.51382,666.2958,87.49607,-518.5508,305.23404,111.13021,-287.68228,525.68427,572.4901,-44.41445,441.6315,571.1108,44.551605,535.4804,737.466,-159.00978,388.904,726.04584,-150.3634,520.5011,857.08167,297.3132,474.98657,846.79095,321.72348,521.87616,857.29144,333.54288,494.975,848.0126,362.5555,508.1046,940.4122,130.28485,473.35544,933.8981,205.1498
00000101.jpg,814.9125,192.51227,-678.1933,843.083,151.55835,-626.99066,863.8057,153.83441,-627.2322,879.8779,156.08966,-627.00696,790.6394,150.33997,-609.87537,775.40625,151.14417,-610.3103,754.9957,153.72516,-610.2857,903.0447,188.67859,-292.73883,741.9889,181.56696,-218.20572,848.1414,250.32452,-551.24536,781.61597,251.06128,-529.67224,1040.2844,468.4046,-170.51106,638.82556,500.3817,-61.50548,1118.2202,796.0128,-558.7642,580.0574,827.84467,-449.30173,878.4586,605.911,-1038.0502,797.0374,601.89905,-1100.3295,845.63074,528.7442,-1104.6011,819.0956,532.01227,-1216.5785,840.6348,489.72113,-995.5679,803.2352,496.91187,-1136.3971,847.4471,525.2125,-993.1075,800.5814,527.22394,-1080.4084,880.4577,1100.9435,-88.6032,667.7343,1066.2742,87.73088,839.0374,1534.2896,-56.50318,276.01382,1318.8765,-487.36697,806.2985,1896.7181,453.43054,725.0432,1278.6917,521.26373,782.7637,1944.0608,505.85806,797.28455,1230.8871,639.36,825.7235,2043.8787,222.29794,818.2682,1417.3486,612.97363
00000102.jpg,258.2245,222.93013,-232.95903,264.40482,216.9133,-210.67726,268.14914,217.44905,-210.73482,272.03192,218.02534,-210.75241,254.1466,216.16298,-216.46107,250.56778,215.99594,-216.49986,246.91046,215.69632,-216.49098,275.79507,223.6882,-95.50254,241.00807,220.59949,-119.79167,264.9627,234.64488,-189.7998,252.02142,232.74837,-197.33954,294.20682,265.0533,-45.76111,219.23923,262.75293,-109.33675,324.08447,201.6724,-57.758274,197.11888,197.49927,-175.00778,340.0454,126.50424,-144.85104,186.57675,129.20084,-263.51263,349.6665,109.71491,-179.58032,182.8707,113.43795,-305.66104,346.565,108.58604,-196.40599,187.18706,112.40418,-313.26135,341.5202,114.377686,-158.39085,190.93896,118.16663,-273.47372,287.4019,398.01,27.037268,239.01193,404.0281,-26.871574,373.32382,465.40698,-71.379395,256.05792,517.6143,-31.015646,279.93073,452.76205,230.06001,268.5198,612.7625,142.539,263.1061,444.1772,260.82434,271.48328,620.7645,157.27092,258.56555,489.1141,221.56686,271.65707,644.90955,53.29286
00000103.jpg,1450.8479,1034.062,-905.7854,1485.2645,992.36615,-801.0707,1509.969,993.977,-801.5688,1532.5084,996.33844,-801.33856,1416.8785,997.27893,-790.6716,1389.5781,1002.30835,-791.1413,1368.6578,1007.5888,-791.14325,1561.0923,1041.5907,-166.44815,1343.6718,1054.0969,-131.50555,1500.7207,1112.4471,-666.38165,1414.7423,1116.2361,-656.5835,1723.7358,1421.1101,36.98126,1209.0156,1420.3401,210.24635,1873.2665,1837.6046,-552.5898,1135.5497,1889.1573,-389.01508,1547.404,1594.0045,-1430.6273,1428.9185,1589.5105,-1490.9415,1506.6013,1493.3976,-1574.6556,1474.9994,1496.2466,-1694.141,1500.8833,1441.254,-1489.3113,1449.0835,1444.9644,-1582.6832,1511.0874,1485.5336,-1405.2297,1443.9082,1485.7543,-1465.7827,1575.0841,2268.212,-147.94942,1264.6505,2208.307,147.58685,1475.2771,2927.9163,-172.3721,717.2741,2596.3977,-477.80313,1383.5516,3560.5671,623.00183,1328.2355,2551.5977,1219.2465,1327.2538,3647.7153,689.9126,1409.4735,2500.5918,1404.715,1397.9585,3692.9802,101.65582,1461.05,2808.4011,1231.5544
00000104.jpg,561.26355,175.95667,-228.49606,567.48566,166.20062,-202.69844,571.44055,166.40564,-202.73062,575.33545,166.77234,-202.69655,555.8449,166.34456,-205.34308,552.0815,166.46529,-205.40955,547.96545,166.6637,-205.45604,578.6036,173.69121,-78.468056,544.49316,171.97183,-88.161156,568.41,189.22594,-182.732,554.2722,188.83574,-186.04282,596.7059,223.27057,-53.266888,524.4449,223.0264,-96.08684,599.837,134.75511,-116.67337,530.68115,139.5796,-200.35226,584.8492,57.16778,-161.85788,557.27405,59.45198,-236.91501,577.9229,37.22511,-198.93472,562.2409,39.515297,-279.26855,574.2971,37.300377,-195.04626,563.02985,39.459015,-268.0516,574.61383,45.703815,-166.7552,562.65137,47.8026,-239.04303,594.084,374.85687,19.005575,539.3758,384.6143,-18.8755,695.7051,444.8473,-118.19137,556.62366,514.8635,-35.651997,585.7613,433.6892,207.56934,571.4061,625.78503,149.44919,565.9733,423.4862,241.89156,574.8568,639.37195,165.04341,566.86633,476.18668,210.6291,576.7622,657.65375,60.905132
00000105.jpg,479.30753,245.01596,-409.02106,492.89868,226.40158,-372.02884,502.97314,226.61118,-372.07025,511.8049,227.17105,-371.83932,469.08884,229.11867,-351.6872,462.26556,230.80107,-351.8921,456.0358,232.499,-351.90344,527.8541,242.14406,-174.25632,455.16592,245.11794,-74.49656,500.55566,268.05362,-338.93213,470.59897,270.84283,-310.67017,578.9397,351.9493,-179.16231,403.89548,346.12463,44.422016,655.4903,177.85999,-317.0043,312.14035,202.84969,59.59821,511.7972,129.33652,-144.30156,455.82404,128.90117,169.39696,492.36484,104.05333,-166.45973,477.51938,99.61167,135.74547,486.98502,121.68605,-109.748245,483.02014,111.39501,196.30591,491.14978,135.52052,-125.113045,477.78772,127.76998,184.57573,502.01645,699.4872,-94.42519,391.9434,679.3527,94.51388,463.86072,957.67914,-141.17303,203.05663,798.1482,-270.0709,441.20868,1182.7369,239.04929,401.22467,892.9688,353.86685,433.5708,1202.8334,271.01804,434.4488,875.24817,419.08307,430.14896,1265.1726,10.669002,438.17178,991.456,327.71408
00000107.jpg,149.9497,107.88903,-137.89809,151.80345,102.62421,-129.39258,153.27464,102.56746,-129.41936,154.81905,102.44246,-129.38226,147.53609,102.81177,-126.24671,146.10234,102.906494,-126.320404,144.73143,102.96021,-126.34896,156.25592,105.261696,-74.904526,142.68831,105.5399,-59.56122,152.68245,112.991196,-117.43821,147.25092,113.34041,-113.175255,172.12794,131.32524,-63.78001,125.01537,133.32874,-26.367802,188.56227,92.69195,-93.253265,107.3596,96.51642,-31.663906,154.93645,73.50751,-72.419395,138.99226,74.294624,-15.117063,149.73396,65.29088,-81.55692,144.2546,64.66968,-27.122654,149.44913,67.69568,-71.66531,145.54472,67.543304,-15.015247,150.26389,72.51044,-69.63699,144.31873,72.50838,-12.365034,154.29677,222.26976,-23.808603,126.26393,217.26532,23.82505,146.13846,289.78,-22.713186,76.84379,251.93777,-19.060966,138.13599,350.57416,53.08498,131.23198,263.7686,161.28647,134.79921,359.5078,59.063313,139.09627,257.95178,180.3815,135.01042,365.38852,-7.2215166,140.21712,288.75235,164.61522
00000108.jpg,313.94415,49.97774,-112.36738,318.10736,42.36008,-101.29043,321.00037,42.17299,-101.31893,323.7509,42.038574,-101.271576,309.3459,43.293518,-100.66861,306.03635,43.551723,-100.729164,303.23624,43.91992,-100.72398,328.09314,45.12494,-33.69017,300.3593,46.759823,-31.160904,319.49652,57.440235,-86.80618,308.95248,58.036808,-86.05373,345.14484,81.64708,-8.449327,288.10226,81.33627,-2.3612962,365.42664,118.78341,-82.025566,267.74506,119.93357,-71.11362,322.68973,100.052,-176.5827,309.62305,99.07586,-172.50507,317.90356,87.50871,-193.0973,314.6396,87.91051,-194.75287,317.366,86.05827,-179.61304,313.5647,85.41534,-178.83669,318.51355,90.91771,-172.20155,312.7956,89.74345,-167.56567,327.84048,177.50859,-10.493805,294.2956,171.25804,10.478899,325.1866,246.08028,-17.557852,247.5738,205.39148,-82.363625,319.23407,299.6467,68.68078,303.5226,207.84518,105.71677,316.82828,306.50198,75.75141,313.01337,201.73996,126.272964,315.3112,323.82996,3.254781,320.86948,233.42946,105.39292
00000109.jpg,378.13535,278.21884,-345.49414,389.0082,267.3402,-303.82907,395.91428,267.7235,-303.9226,403.2039,268.01224,-303.87665,367.02795,267.81564,-311.68472,360.04105,268.89026,-311.82318,353.2974,270.1928,-311.87958,413.85587,282.35324,-92.208244,340.79166,285.84027,-125.79866,393.93372,298.00073,-267.19025,366.45218,298.00137,-277.86462,451.9813,366.4814,-11.3312645,305.0894,368.74078,-99.75737,506.24985,242.3689,-89.88153,256.02496,225.77269,-218.73878,419.99896,148.62253,-140.41469,345.7644,148.73976,-202.75497,402.54095,122.01665,-186.49345,373.87155,125.22995,-249.0323,393.03116,125.05735,-157.8828,375.16672,130.70206,-217.4702,394.37964,136.88928,-136.65378,369.79434,142.01572,-197.01042,432.89792,632.8213,41.936157,336.02106,638.96094,-41.585716,599.6124,765.09064,-255.81923,370.3452,849.04706,-195.69923,425.17285,876.2184,206.061,398.19733,1037.8197,58.429516,393.84634,861.1626,251.7227,401.25375,1059.1428,75.877335,395.43777,951.3116,133.13455,402.7731,1104.3748,-150.56543
00000110.jpg,209.25862,145.49805,-123.513985,212.16054,141.87009,-112.56038,214.03583,142.0124,-112.61099,215.8304,142.2224,-112.585556,206.89798,141.78192,-111.33029,205.02129,141.76875,-111.389626,203.25131,141.72977,-111.43907,218.26396,144.93024,-57.994587,201.90897,143.73013,-51.70729,213.00401,151.41936,-103.66681,206.24916,151.44046,-101.89612,227.78938,167.67548,-55.307682,193.13133,167.0562,-36.702293,234.19055,130.83008,-93.635254,188.87653,129.56703,-58.236694,216.34671,99.87056,-107.155624,205.69585,98.47295,-76.75827,212.86993,91.18414,-122.46201,208.08461,90.82271,-94.397026,212.08788,90.77161,-119.094536,208.8286,91.5061,-92.09931,212.333,94.35711,-108.15758,208.44748,94.98431,-79.11209,220.1575,241.20306,-13.092243,194.96463,237.57744,13.11694,212.79166,298.77502,-28.00509,152.51631,258.16727,-80.730034,205.83995,352.59213,26.279099,198.11938,274.20502,64.14531,203.76366,356.9264,29.088125,205.40698,271.54477,78.535835,202.55933,368.18408,-39.829018,205.11374,296.86563,53.021137
00000111.jpg,638.3272,154.2687,-218.65959,647.3815,139.80693,-196.40295,653.5281,139.87198,-196.46669,658.41925,140.17834,-196.56502,630.4667,140.43443,-202.79396,624.82996,140.84558,-202.94121,619.5503,141.46075,-203.17752,666.91406,147.87544,-60.554543,613.5581,147.84969,-88.01036,649.85657,170.22736,-166.08932,628.9008,170.30362,-173.8501,696.26733,232.057,-6.1151123,584.7471,220.42393,-36.53446,640.44257,308.7359,-7.0495358,617.823,265.49005,16.12495,601.2566,375.37778,-71.955025,665.38696,297.45233,91.45013,595.82513,400.39926,-100.94039,682.3807,313.95148,89.6515,584.51715,398.2164,-111.61335,675.4355,311.97107,75.55251,594.98663,388.70392,-79.25151,669.17993,306.09863,88.33603,682.21985,422.94937,38.515728,610.5341,423.70728,-38.468967,729.9724,567.717,-98.52138,629.2327,598.84216,-77.31986,622.91754,463.0901,252.69565,638.34753,721.3351,131.66504,610.9565,438.30716,291.4104,637.5748,726.8426,149.71681,575.83856,445.91656,256.4895,646.83344,768.3231,39.228806
00000112.jpg,590.5964,91.82306,-211.14034,598.10455,80.65545,-187.92438,603.1892,80.93708,-187.99435,607.68695,81.380264,-187.89479,583.9842,79.96529,-186.14922,578.28876,80.03791,-186.26068,573.63635,80.35927,-186.2522,612.8681,87.49659,-47.933247,567.36206,85.65065,-42.03634,599.2712,107.24442,-158.2947,581.55896,106.940315,-156.58151,645.32477,159.09958,-14.029772,530.2276,155.54335,31.57285,680.619,224.25876,-167.11287,491.03726,223.62027,-102.380775,596.7211,193.57605,-365.61243,573.3222,198.43433,-315.97598,587.2162,172.39584,-406.6779,585.33966,178.2729,-361.7284,586.96826,166.69485,-385.07938,582.91516,173.19676,-334.65613,588.9407,175.44371,-359.72906,580.897,181.78452,-307.88995,608.3785,333.67947,-40.407536,542.2022,323.1214,40.49024,592.99585,475.53912,-68.58698,429.18887,395.38852,-107.474915,568.509,610.72797,101.96591,559.28723,394.73096,243.72968,563.9025,624.49365,114.892105,576.3626,383.01007,280.6102,556.0368,637.4352,-29.634583,586.1631,450.75137,228.92114
00000113.jpg,108.65053,31.465015,-121.89405,112.06989,26.918642,-109.029755,115.08593,27.299086,-109.0772,117.07957,27.791086,-109.031746,104.6022,27.401485,-107.88242,102.17205,28.070162,-107.95111,99.33521,28.888386,-107.95787,121.11775,33.04248,-36.74549,96.88334,34.960255,-31.526527,114.39821,39.13716,-95.27215,104.47473,39.749104,-93.70397,141.49089,74.7513,-13.659422,80.49254,78.46633,5.005765,166.35416,115.88366,-80.381454,59.38143,121.642784,-62.049904,121.31724,107.748795,-185.22765,99.05857,105.868454,-181.4363,113.30559,99.370285,-206.63544,105.20444,96.09933,-207.28761,112.73533,94.1288,-196.88759,105.486115,90.45409,-194.09276,114.6433,97.633865,-182.62381,104.76732,94.382195,-177.64421,123.56768,172.4275,-18.401356,88.07744,164.7409,18.468952,109.347244,248.83221,-39.74213,38.16767,195.81198,-111.89162,98.701996,317.98868,65.47629,87.57681,245.1242,42.851986,95.438515,325.37805,73.0822,100.5835,247.57413,57.608135,95.92119,333.9769,-12.960546,93.68136,281.1642,4.023475
00000114.jpg,2210.5425,1101.0654,149.6346,2199.9128,1086.8077,129.14517,2195.311,1087.2291,129.06558,2190.4614,1086.7726,129.11711,2213.6604,1086.2015,80.16415,2217.3914,1086.623,80.13211,2221.1873,1086.2953,80.40053,2183.2449,1102.73,78.817955,2219.2976,1102.2975,-143.7429,2203.1863,1132.5814,145.90526,2217.1802,1133.9196,80.18258,2140.428,1195.7573,195.47342,2243.7234,1187.877,-316.84424,2162.7742,1004.8442,270.5586,2237.525,993.4795,-386.09586,2165.6995,811.86584,137.77235,2205.0327,799.85864,-324.09085,2161.29,773.21185,136.09578,2198.7947,765.525,-357.2866,2163.299,767.46454,83.2697,2177.9575,761.54144,-349.49905,2168.7495,795.7683,110.28406,2178.24,764.96234,-318.08002,2209.5938,1682.7186,205.1311,2283.3633,1661.8953,-205.98888,2265.1316,1925.0925,392.3223,2492.3464,1745.1694,-202.67293,2252.9065,2170.9397,389.96957,2296.03,1739.3167,234.62105,2217.9795,2201.7104,388.88358,2245.8,1727.1129,290.31177,2305.9116,2264.942,413.02164,2311.4224,1796.8717,464.82053
00000115.jpg,149.9497,107.88903,-137.89809,151.80345,102.62421,-129.39258,153.27464,102.56746,-129.41936,154.81905,102.44246,-129.38226,147.53609,102.81177,-126.24671,146.10234,102.906494,-126.320404,144.73143,102.96021,-126.34896,156.25592,105.261696,-74.904526,142.68831,105.5399,-59.56122,152.68245,112.991196,-117.43821,147.25092,113.34041,-113.175255,172.12794,131.32524,-63.78001,125.01537,133.32874,-26.367802,188.56227,92.69195,-93.253265,107.3596,96.51642,-31.663906,154.93645,73.50751,-72.419395,138.99226,74.294624,-15.117063,149.73396,65.29088,-81.55692,144.2546,64.66968,-27.122654,149.44913,67.69568,-71.66531,145.54472,67.543304,-15.015247,150.26389,72.51044,-69.63699,144.31873,72.50838,-12.365034,154.29677,222.26976,-23.808603,126.26393,217.26532,23.82505,146.13846,289.78,-22.713186,76.84379,251.93777,-19.060966,138.13599,350.57416,53.08498,131.23198,263.7686,161.28647,134.79921,359.5078,59.063313,139.09627,257.95178,180.3815,135.01042,365.38852,-7.2215166,140.21712,288.75235,164.61522
00000116.jpg,280.1029,296.5531,-316.63306,290.2415,284.20523,-281.06323,297.40747,284.4783,-281.1166,303.68964,285.1829,-281.07602,271.27066,286.09308,-292.3423,264.92487,287.4874,-292.4488,258.75043,288.9072,-292.61328,312.40018,297.12802,-95.16435,252.38446,299.20413,-141.81474,292.8691,315.62393,-246.23932,269.16397,316.57144,-260.38113,342.27597,368.66766,-34.39784,223.61496,372.32397,-134.1054,348.02225,239.07927,-87.64807,215.08824,247.22676,-255.46013,299.92215,142.05464,-143.92973,258.43158,147.91449,-267.52728,281.73666,139.67024,-198.27939,266.16772,138.78107,-324.72525,280.24854,139.1634,-187.54816,270.6893,137.81082,-315.1671,284.0436,141.00517,-150.05623,269.33047,141.33447,-272.42648,329.39645,620.42664,36.974075,241.13434,627.4071,-36.733585,477.64783,735.1851,-144.03703,268.10632,823.8762,-56.388214,310.18576,709.7313,367.81903,295.87454,992.0945,252.95935,283.2486,692.838,420.18912,297.50323,1007.8869,277.96887,275.57117,771.8128,347.97644,304.94055,1055.0865,95.64765
00000117.jpg,201.0594,101.21794,-149.78648,205.50928,96.285706,-132.24585,208.84358,96.57188,-132.29251,212.05759,96.975296,-132.31216,196.17885,96.50141,-132.66327,192.7459,96.94059,-132.70552,189.33894,97.538895,-132.66087,214.68282,103.999855,-53.04244,184.70854,105.30062,-52.697056,207.78273,110.924545,-121.99506,195.57944,111.17347,-122.08371,238.66292,147.21208,-40.085968,165.69484,153.47456,-42.427677,287.58014,112.55753,-50.768406,118.53942,113.276306,-75.050865,327.34988,74.52423,-118.90078,74.57089,71.88859,-148.47806,341.15643,66.13853,-135.05008,58.36307,62.864735,-165.26996,341.03265,63.09929,-153.71237,57.24784,59.676624,-183.57846,334.91525,66.92021,-131.48938,63.518723,63.207783,-161.77003,237.55696,268.66214,13.359158,192.43333,275.963,-13.137448,307.8105,314.84073,-111.48191,203.22647,371.86874,-38.225536,235.92776,311.9534,97.48166,213.35945,446.62305,63.383926,222.65527,303.61578,120.43605,216.17291,454.64444,72.33931,216.81737,338.80444,109.13801,219.65808,471.8732,8.152915
00000118.jpg,590.5964,91.82306,-211.14034,598.10455,80.65545,-187.92438,603.1892,80.93708,-187.99435,607.68695,81.380264,-187.89479,583.9842,79.96529,-186.14922,578.28876,80.03791,-186.26068,573.63635,80.35927,-186.2522,612.8681,87.49659,-47.933247,567.36206,85.65065,-42.03634,599.2712,107.24442,-158.2947,581.55896,106.940315,-156.58151,645.32477,159.09958,-14.029772,530.2276,155.54335,31.57285,680.619,224.25876,-167.11287,491.03726,223.62027,-102.380775,596.7211,193.57605,-365.61243,573.3222,198.43433,-315.97598,587.2162,172.39584,-406.6779,585.33966,178.2729,-361.7284,586.96826,166.69485,-385.07938,582.91516,173.19676,-334.65613,588.9407,175.44371,-359.72906,580.897,181.78452,-307.88995,608.3785,333.67947,-40.407536,542.2022,323.1214,40.49024,592.99585,475.53912,-68.58698,429.18887,395.38852,-107.474915,568.509,610.72797,101.96591,559.28723,394.73096,243.72968,563.9025,624.49365,114.892105,576.3626,383.01007,280.6102,556.0368,637.4352,-29.634583,586.1631,450.75137,228.92114
00000119.jpg,156.94833,114.545135,-106.80801,160.42868,108.73528,-89.38822,163.152,108.61235,-89.41215,165.7835,108.411934,-89.42513,152.60945,109.588936,-91.806366,150.05444,109.98713,-91.85171,147.39967,110.379364,-91.9084,168.10406,112.058174,-11.5160675,145.0038,114.46663,-20.74751,162.11447,121.1613,-78.63825,152.96146,121.95545,-81.57192,184.2376,145.26859,-2.1260629,133.0717,145.90204,-29.149837,182.75792,89.96946,-39.014305,130.78433,95.55919,-88.97587,176.92915,40.794827,-79.569336,129.44334,43.427895,-127.8877,177.88011,27.71939,-105.58092,127.75245,30.709,-157.18134,176.04631,25.830214,-109.05564,129.77289,29.763481,-154.64926,173.01395,31.726883,-86.05117,132.2767,34.80297,-132.01721,186.87125,243.33754,15.050591,149.02051,253.83083,-14.930251,254.83655,293.66113,-40.968513,164.48982,343.1214,-17.007566,190.24837,283.9885,174.5541,172.8039,409.40787,121.39316,179.08768,279.08957,197.71828,176.40161,415.65625,134.15048,173.74857,308.04895,189.79034,172.19601,431.59265,76.612274
00000120.jpg,370.0389,354.33304,-386.12033,377.74005,341.54892,-359.46103,383.51404,340.7756,-359.5938,389.2739,340.0797,-359.48898,362.0401,343.49072,-349.40677,356.3807,343.95892,-349.6022,350.42792,344.3856,-349.821,397.9208,342.85873,-208.65625,346.85797,347.52155,-159.22931,381.61203,366.69058,-328.88705,361.95047,368.81784,-314.90128,439.36926,396.79648,-204.90346,324.98175,402.8214,-118.310936,420.70453,274.2103,-335.01074,325.01715,284.5705,-193.66791,389.69592,158.90103,-402.22217,352.54718,162.23282,-290.14075,381.2175,130.65622,-456.6111,359.70392,133.258,-356.41733,378.69284,129.40298,-457.93024,360.87094,133.66194,-350.698,379.20016,138.44048,-411.0548,360.04327,143.64816,-300.1449,406.88678,657.02094,-55.561737,337.49164,649.50073,55.41171,393.5415,842.2775,-50.14302,192.39699,764.3974,-124.94187,371.97018,998.4579,207.04672,353.80963,732.9621,419.3524,365.95993,1021.204,226.60368,379.38123,714.29803,477.8956,359.927,1059.1104,58.449986,399.20203,792.7208,461.72864
00000121.jpg,638.3272,154.2687,-218.65959,647.3815,139.80693,-196.40295,653.5281,139.87198,-196.46669,658.41925,140.17834,-196.56502,630.4667,140.43443,-202.79396,624.82996,140.84558,-202.94121,619.5503,141.46075,-203.17752,666.91406,147.87544,-60.554543,613.5581,147.84969,-88.01036,649.85657,170.22736,-166.08932,628.9008,170.30362,-173.8501,696.26733,232.057,-6.1151123,584.7471,220.42393,-36.53446,640.44257,308.7359,-7.0495358,617.823,265.49005,16.12495,601.2566,375.37778,-71.955025,665.38696,297.45233,91.45013,595.82513,400.39926,-100.94039,682.3807,313.95148,89.6515,584.51715,398.2164,-111.61335,675.4355,311.97107,75.55251,594.98663,388.70392,-79.25151,669.17993,306.09863,88.33603,682.21985,422.94937,38.515728,610.5341,423.70728,-38.468967,729.9724,567.717,-98.52138,629.2327,598.84216,-77.31986,622.91754,463.0901,252.69565,638.34753,721.3351,131.66504,610.9565,438.30716,291.4104,637.5748,726.8426,149.71681,575.83856,445.91656,256.4895,646.83344,768.3231,39.228806
00000122.jpg,810.2146,158.48769,-283.60358,816.38477,149.44453,-264.5434,820.8341,149.53998,-264.67776,824.5014,149.59769,-264.6616,804.749,148.98637,-265.81683,800.99774,148.76782,-265.92148,797.3778,148.56459,-265.98636,827.74457,153.18976,-154.59798,790.2093,151.31354,-159.46602,817.0757,169.90147,-241.64153,803.1076,169.54163,-243.26343,845.80035,196.58534,-105.04395,765.8136,197.2992,-123.62215,893.0157,142.70284,-146.03047,716.2795,135.36018,-143.0342,931.9588,72.32389,-250.48552,683.22296,64.58813,-227.72871,946.5138,53.551636,-275.6097,668.9277,44.975662,-261.61987,944.53955,50.28652,-298.0778,671.2595,39.290703,-276.29492,937.6554,57.481373,-266.634,678.0088,47.42223,-241.60982,823.71674,357.31662,-1.2572702,768.7461,347.98392,1.2884852,809.0674,468.3796,17.16983,689.78265,412.63715,-116.47611,790.8601,573.1537,114.66275,780.8165,384.1868,177.83742,783.90216,586.03064,120.19927,792.6652,372.9569,208.99675,797.43567,605.1713,10.444352,813.31244,408.97495,189.07776
