00000118.jpg,698.0944,97.30681,-210.30562,692.0817,85.05483,-184.66827,692.3979,84.82575,-184.72858,692.4501,84.53515,-184.67224,686.50586,85.18572,-194.19388,682.61487,85.08754,-194.13736,677.3002,84.85431,-193.9478,675.6777,89.48613,-58.547623,655.9948,90.9652,-103.85133,696.95233,111.89518,-165.12299,687.4432,110.544655,-178.60857,724.6944,160.57039,-17.993511,590.157,157.6945,-68.30135,824.2994,151.87987,-24.62549,499.3011,156.85002,-111.07144,910.61816,147.06165,-159.62494,412.89435,152.39702,-241.32556,939.85266,141.96922,-191.67355,382.06314,152.3256,-265.2652,943.2124,141.01596,-231.94028,377.42468,152.755,-315.77246,931.19336,145.85342,-184.40991,388.9507,154.50117,-269.08038,689.24255,356.44812,20.953505,604.11926,352.4611,-20.974298,828.9793,413.23053,-159.65268,510.45483,457.95517,-114.16117,827.2181,551.24554,21.396498,403.45663,555.8448,-9.631428,811.55066,574.45044,32.91054,394.12695,570.4596,-5.160118,882.84204,584.86743,-65.85051,377.1291,584.0697,-136.06671
00000120.jpg,530.53,191.88983,-178.14975,540.33356,182.13385,-175.42868,543.798,182.34067,-175.48076,547.67053,182.80731,-175.34444,535.89655,181.71507,-152.20854,536.002,181.522,-152.16653,536.2655,181.23967,-152.09428,565.9822,192.63126,-144.759,550.7652,188.4138,-36.17041,539.468,206.9128,-167.65039,533.49036,206.08507,-136.09895,624.5266,264.9763,-138.22728,519.8037,260.85947,15.356124,706.42523,257.66403,-180.26703,429.926,253.26508,25.262009,780.9353,245.95549,-274.7163,357.1106,235.62352,-85.824036,807.5472,248.3091,-295.15765,331.4531,235.24432,-104.12189,810.6625,244.73486,-327.8875,328.22006,231.89362,-139.82793,799.9042,245.9413,-293.71515,336.8192,232.96487,-109.81042,605.7847,432.28888,-58.979855,544.21796,430.9508,58.776222,698.4555,517.26514,-133.37344,423.29114,461.37607,-70.26973,806.01587,594.12787,-36.49554,410.79755,585.6726,40.965305,814.7062,605.63904,-33.14794,419.5402,611.2081,45.519882,823.93713,630.91943,-157.36217,352.56686,611.97955,-43.722267
00000121.jpg,330.99182,189.43443,-172.74734,335.62537,180.34212,-162.81671,338.40637,179.7975,-162.86351,341.2987,179.22604,-162.75313,329.7318,181.68321,-154.84206,328.0477,181.98792,-154.85597,326.49463,182.26498,-154.81175,352.6499,181.28685,-101.61655,332.6981,184.6222,-63.11687,339.0416,198.1475,-150.36075,331.49353,199.4085,-138.95908,397.23532,227.9713,-70.190636,318.80023,229.21597,-28.738024,465.01828,221.46928,-92.23778,248.24088,216.59683,-51.22109,516.34705,215.36865,-153.47557,187.23735,209.36452,-143.63719,534.9702,214.23766,-165.62791,165.82693,207.37616,-162.19424,536.2959,212.98708,-185.80644,163.94455,206.94426,-186.06564,529.5224,215.94452,-165.97173,171.48262,208.8379,-160.48383,400.59,356.14935,-24.49023,352.63287,357.42844,24.473593,472.0653,403.51413,-17.795818,266.16138,372.3125,-115.288925,547.8585,448.5527,85.41268,254.30795,471.7852,-56.77623,550.566,459.1995,91.05318,265.64154,487.02658,-55.095238,561.86255,466.73398,14.770255,213.6536,495.56522,-127.83213
00000122.jpg,669.88995,171.67435,-425.1608,687.72864,152.0891,-426.6648,693.12897,151.89731,-426.7443,699.7629,151.80219,-426.49237,681.6937,151.59175,-383.54376,682.6929,150.92809,-383.47018,684.0242,150.17131,-383.33362,733.48804,164.4952,-384.09457,710.0142,161.61421,-177.52446,685.62445,196.52838,-409.45654,676.4752,196.33878,-349.3286,830.9988,293.12234,-350.9799,635.09973,288.94595,-86.94521,1010.7551,265.47046,-434.8716,459.7658,244.7688,-78.89656,1168.7793,252.71266,-582.69684,315.19955,209.90393,-300.48297,1212.2125,254.36798,-623.21576,268.4045,196.70778,-341.7671,1215.723,247.04399,-691.4631,262.91168,190.33917,-412.74197,1199.0004,248.75722,-621.96893,279.52502,196.74799,-347.9901,798.5143,605.42316,-111.62955,675.6101,597.87225,111.28756,982.72723,743.79694,-195.70477,464.3247,624.38605,-178.60725,1157.0707,886.2816,30.849066,424.7648,868.3075,2.4960988,1172.5527,901.0246,40.69002,450.05026,912.413,7.7543087,1188.7579,951.0733,-204.07433,313.57495,916.0366,-185.60347
00000123.png,180.72932,85.6448,-235.5189,188.88058,73.5365,-227.18686,193.17467,73.3909,-227.23306,197.58504,73.585915,-227.15811,180.37056,73.46896,-217.96568,178.15746,73.08799,-217.95595,175.70612,72.70671,-217.89119,213.73723,79.36332,-161.4823,184.84717,77.31671,-116.43073,190.68613,96.41852,-209.83093,180.29037,96.00745,-196.72368,246.1724,120.93032,-112.90048,176.65245,119.16315,-58.576668,303.38416,114.03313,-117.83713,120.58002,116.641945,-47.03709,351.36584,103.629814,-159.14008,65.9502,108.519585,-129.25076,369.95102,100.03136,-170.55103,45.452156,107.98455,-146.67873,373.04,97.8876,-196.37479,43.107254,107.13931,-174.7315,366.13583,100.91624,-173.4584,50.587353,108.61557,-146.95857,246.1517,241.4756,-24.975801,194.67873,238.91252,25.03168,290.96854,291.0923,-93.586334,137.99214,267.86023,-162.31265,333.6317,344.12585,64.7615,155.75844,351.74045,-17.862926,332.5982,353.00183,74.50993,169.09264,365.341,-8.681773,345.79822,373.04578,-21.682314,116.58586,376.1055,-91.20382
00000124.jpg,296.0055,125.314545,-202.67516,293.14807,115.44751,-183.64932,293.68246,115.45987,-183.71881,294.12653,115.48828,-183.69485,287.44434,114.99834,-193.2278,283.9047,114.91251,-193.20206,280.55753,114.97701,-193.11751,281.53525,119.98878,-91.8462,263.42917,119.50031,-136.10976,293.45596,137.68752,-170.08243,285.59744,137.32683,-183.23006,311.6394,179.82718,-69.760544,203.95926,176.93324,-109.64853,390.84378,170.90372,-92.08737,122.784,176.34964,-146.6461,463.12668,158.79999,-177.00735,51.13549,171.62724,-219.66284,482.0084,155.53003,-192.8884,28.222744,166.13074,-229.90604,484.97443,153.52701,-220.9891,25.783108,164.01787,-265.53442,476.89685,155.84375,-193.95172,35.26265,167.54253,-239.02388,273.06256,325.56342,13.819751,209.66463,326.44366,-13.990723,364.07056,325.87973,-219.0799,120.74053,384.64267,-23.468699,385.69427,431.8949,-133.46935,36.11157,438.90222,81.359215,375.61572,450.86557,-127.04538,27.750605,447.61765,88.00501,430.90787,457.737,-207.98463,23.085606,448.32126,-1.3672426
00000125.jpg,553.9577,223.23468,-314.6195,547.5398,200.14772,-278.45917,547.326,200.15994,-278.54984,547.0258,200.3409,-278.4601,539.39307,199.23282,-315.75684,533.0495,198.5735,-315.67822,526.01184,198.18538,-315.48413,517.16077,204.56346,-95.50292,488.07352,204.83559,-266.02914,545.0947,241.99695,-245.90889,532.50244,241.69212,-295.30722,568.26385,298.897,19.845984,399.61575,314.44702,-243.72562,672.6468,321.33896,106.01862,294.84634,358.8392,-297.17587,787.1725,339.60907,-57.386414,190.23639,396.7086,-418.09375,825.46436,348.3476,-85.22297,151.19383,412.43524,-459.03564,829.7782,348.31738,-157.47731,151.55661,415.64352,-522.4359,814.46234,348.05118,-96.99404,166.91652,414.3513,-451.24158,534.0375,554.683,83.140434,429.43945,552.5655,-82.92684,660.27405,665.7655,-52.520756,344.55664,695.83093,-127.58172,658.36206,830.6053,226.4973,244.73584,823.5565,141.98813,641.77075,860.2435,244.63159,233.7336,840.42523,159.29126,739.7203,870.33057,102.06375,232.17677,891.00006,-22.222937
00000126.jpg,288.9661,292.1936,-203.79451,298.68967,284.0303,-191.09824,302.3218,284.22968,-191.14467,306.42374,284.6885,-191.02089,291.76855,284.63272,-175.0838,290.43655,285.1097,-175.09628,289.15955,285.59702,-175.06207,321.65698,295.08087,-110.61442,298.7028,294.02548,-32.763,296.40433,303.23953,-174.49083,288.7537,303.5198,-151.85316,366.3573,353.80313,-88.508896,263.9567,350.15912,50.01413,450.94705,352.52887,-158.03345,184.35635,329.56833,51.468678,508.5125,346.59534,-276.06403,116.573975,301.76727,-71.11573,529.83673,347.17905,-303.9125,89.601585,294.51917,-98.190575,531.8327,344.1554,-336.85614,89.460976,289.69635,-128.15927,522.6108,345.53552,-296.29782,100.29087,293.25833,-92.859184,351.94202,505.05286,-69.69571,307.44553,506.3332,69.81894,428.8537,599.002,-168.91576,177.80354,561.3373,-93.96293,506.786,701.9631,-76.77181,173.35765,688.86755,-4.4259577,515.1871,719.01227,-74.64198,185.95174,713.3164,-3.7772844,500.91574,737.06805,-221.74113,106.25891,710.76184,-122.33334
00000127.jpg,447.47833,132.09319,15.956891,440.74692,120.71177,12.775096,437.90225,119.93435,12.71432,434.86194,119.00631,12.66621,443.69003,121.39265,-13.1186695,443.09573,121.16703,-13.081699,442.47284,120.8278,-13.126766,417.96936,122.88357,27.945963,428.9334,123.92361,-88.96973,438.50626,143.30179,28.341726,441.1217,143.4642,-6.0071664,346.1229,193.73418,60.45903,439.61023,179.71953,-124.08023,241.91156,207.14125,45.599075,534.39575,187.61047,-174.3862,138.67508,210.1546,-13.905889,604.9702,172.73544,-123.29569,110.211494,211.81433,-44.07151,631.035,170.0535,-146.30734,105.78655,203.31223,-39.864017,632.0979,164.96222,-125.328514,117.9381,205.26286,-13.356862,622.2929,167.27106,-109.669846,392.28586,357.67596,79.39529,447.81924,353.27185,-79.97738,304.99557,454.50934,88.85566,571.433,372.07422,26.87802,186.55057,535.79236,133.52698,582.1246,503.25644,145.45786,166.22467,549.8329,141.21347,567.6475,526.1474,159.46356,191.3396,548.5843,118.934555,632.506,510.06024,145.67708
00000129.jpg,348.4036,284.13037,-159.89386,359.64093,273.60568,-163.46011,362.87723,273.52676,-163.48395,366.6513,273.4862,-163.35751,356.3595,273.48212,-143.07352,357.172,273.2761,-143.01657,358.2377,273.01166,-142.96594,387.2506,278.95828,-145.6876,376.22284,277.25198,-48.339264,356.64188,295.73334,-152.0249,351.38464,295.47617,-123.768456,445.70767,344.65402,-116.81747,336.73566,342.8093,-12.333112,536.2755,343.55048,-155.18074,249.68413,334.36322,-12.914428,616.745,338.21887,-241.3323,168.31305,328.96942,-118.94007,640.58826,338.1937,-256.57944,146.45158,328.3898,-134.8863,645.81305,333.9275,-294.7699,143.24922,324.8598,-172.40533,634.60834,335.66278,-261.86728,151.68669,326.11746,-141.87001,424.4321,507.8709,-47.172993,357.2628,507.55783,46.88517,524.88403,583.1539,-95.83745,240.41032,515.20404,-75.53971,626.3336,649.59937,-17.384605,228.44698,644.7997,0.8204519,634.7622,656.8861,-14.02791,238.48856,667.45996,3.685475,650.67456,677.84924,-120.339966,175.64664,671.9339,-78.39767
00000130.jpg,290.32584,469.4374,-78.37406,274.94843,470.7399,-53.43416,273.87915,472.7987,-53.48452,272.68582,475.06415,-53.396137,275.38406,471.13007,-97.86336,274.57513,473.49966,-97.86891,273.55194,476.07437,-97.900085,269.04025,497.28983,43.895157,268.85913,497.61273,-158.42767,298.16156,484.2409,-42.276928,297.97064,485.20337,-101.22618,305.39233,544.8264,118.41992,288.8974,544.6268,-279.6343,304.27054,438.55447,136.08905,297.96432,428.55658,-417.25922,298.11462,342.0749,22.490114,294.123,329.65088,-425.286,296.5631,320.78174,-4.2176485,288.33255,305.36688,-484.19498,289.51358,318.29553,-24.598885,282.53006,305.4616,-474.74606,289.5802,327.03018,4.728242,282.33353,314.86234,-425.44882,301.29855,744.3195,143.70152,263.64508,749.5987,-143.71434,435.08447,800.11066,106.0745,161.14177,863.00916,-185.60277,439.4207,953.91455,206.78276,48.197025,957.71924,-87.27477,421.06952,983.4072,210.27888,21.173695,970.06757,-81.037605,504.15643,983.71344,127.75811,81.83155,994.34686,-206.76015
00000131.jpg,355.18707,187.06918,-229.4351,346.47482,191.89162,-206.48155,346.46295,192.41077,-206.50285,346.38046,192.81604,-206.4289,344.98346,193.9097,-232.39085,344.06522,195.78305,-232.40497,343.16766,197.47447,-232.33315,345.91724,207.78125,-95.994156,342.29507,213.46931,-215.00246,363.26584,193.26549,-187.24716,359.70953,196.78561,-221.70601,405.13077,225.03146,-5.2675056,344.75375,269.7646,-257.2083,444.9413,157.05226,-34.9628,305.65714,337.61053,-386.91504,479.86755,88.38536,-142.32327,332.65768,317.0478,-514.5499,489.64557,67.674545,-164.77039,339.62613,313.38196,-556.85754,488.26514,62.774277,-180.93687,340.84863,305.16757,-554.8869,483.74033,71.45918,-158.18,340.37738,306.12338,-517.5684,431.51065,397.6809,68.35867,376.98282,399.87845,-68.35504,530.6133,431.3345,-65.98737,284.51047,472.84708,-103.82724,548.8422,531.16675,144.07063,195.88197,530.97766,102.97414,538.341,548.8365,159.9159,186.76813,538.0493,121.366325,597.6511,554.779,73.43631,172.24031,561.7349,28.991932
00000132.jpg,472.07455,90.78072,-233.86353,481.97964,78.58688,-231.39886,485.75174,78.45766,-231.40758,490.25812,78.29548,-231.26732,476.55365,78.11862,-218.30426,476.14624,77.66195,-218.26302,475.78357,77.16158,-218.18542,510.3931,83.394745,-181.04343,490.2674,81.78124,-116.79487,482.3839,103.22592,-213.39182,474.8085,102.72618,-194.64795,562.63586,143.47623,-127.57625,447.1014,137.87294,-78.51369,645.9809,143.39227,-163.28293,355.8774,134.77583,-88.85789,721.5402,126.00114,-236.33997,274.35153,123.98459,-211.2637,746.26556,128.37901,-253.40701,249.34383,126.466995,-234.31438,750.36945,123.06313,-288.70935,247.02303,123.11951,-272.85904,740.8761,123.42136,-257.27368,256.73145,123.58974,-235.47565,529.54193,307.54333,-26.955334,461.46646,300.8314,26.792782,616.162,383.32104,-89.43573,343.83942,328.993,-116.26857,723.70483,453.7737,-15.609197,317.78305,458.17386,-34.11543,733.501,464.93945,-14.18659,327.77066,482.77972,-31.963055,741.2308,484.97656,-127.455055,250.71614,476.2284,-133.78352
00000134.jpg,265.78278,87.122604,78.361,261.6161,81.470924,68.34611,259.84232,81.1704,68.30863,257.69244,80.825554,68.296486,265.21442,82.258736,58.58648,265.90085,82.52281,58.592915,266.6457,82.732635,58.558075,250.92426,83.597115,38.43136,263.01086,85.700035,-3.593409,261.54828,93.54911,71.431526,265.10416,94.0026,58.98579,221.78148,116.87092,43.357098,276.06946,117.6813,-48.621494,166.83733,120.10351,39.201202,326.66885,117.72791,-65.714424,123.75764,126.544815,14.112036,370.18195,117.00333,-42.02972,109.43764,127.49714,1.118125,384.93152,119.29074,-53.851536,108.715034,124.04315,1.4285519,385.9187,115.09124,-43.5438,113.71517,124.6829,14.279941,379.64328,115.21395,-34.807713,233.97467,206.33496,46.24169,268.63815,207.30263,-46.569347,186.13799,253.33864,85.33935,340.02536,226.38872,5.722441,135.19588,294.92374,112.21379,346.86716,295.88052,49.835518,128.06628,304.88928,116.66072,341.90237,307.9731,55.616985,134.57419,302.32715,110.43212,375.8407,306.08524,48.155533
00000135.jpg,499.50082,408.89337,-158.18764,514.61505,394.07748,-168.28491,518.7227,393.9694,-168.32417,523.50305,393.944,-168.18384,511.61035,394.28293,-125.16273,513.81714,394.1092,-125.03345,516.3952,393.7028,-124.82017,551.32684,405.2861,-177.95361,540.34076,401.6692,26.038881,509.78973,426.8129,-162.27513,505.30096,426.97202,-102.60519,614.81866,500.95392,-204.46426,488.19205,492.53622,104.152145,751.8313,514.343,-300.40445,388.4637,496.3661,168.23843,875.1084,519.2481,-463.40576,294.45474,493.98145,12.36057,911.82947,526.3661,-503.89426,266.4833,492.54004,-15.822554,915.85583,524.76575,-549.37585,262.6987,490.55762,-64.86985,902.522,525.60266,-491.15906,273.16656,493.03494,-22.274977,611.32263,729.3294,-104.105286,525.10754,729.2812,104.14512,766.3959,847.2165,-250.40147,364.501,776.18414,-160.51189,926.9971,965.1086,-192.18968,375.19147,957.4453,-19.5945,950.7115,976.6406,-195.21715,403.18036,990.1351,-15.25494,931.1577,1015.3892,-408.48523,310.04358,1002.51154,-154.60083
00000136.jpg,194.64532,58.08115,-85.57811,198.6203,52.773872,-85.47545,200.11203,52.481094,-85.49948,201.71771,52.176792,-85.44979,196.82098,52.785847,-76.9691,197.05623,52.487167,-76.94109,197.40083,52.10269,-76.91244,210.14665,53.780323,-70.248566,204.6816,53.71323,-29.362259,198.88342,63.77409,-79.41621,196.60846,63.600914,-67.4732,238.46803,85.533226,-53.689125,188.40845,85.1148,-10.245182,285.41635,83.88469,-63.288937,144.22792,86.00156,-14.615315,323.95227,87.78509,-100.646835,105.19826,81.5247,-70.45856,334.07422,88.682335,-108.34135,92.55171,81.13945,-80.38012,335.15863,87.74796,-127.009285,90.16944,80.10048,-98.4894,331.44962,88.7794,-110.828575,95.34652,80.774666,-82.107086,234.52147,163.98817,-19.470125,201.06186,161.95227,19.402708,286.72687,200.12865,-45.04568,137.89812,171.0763,-39.332565,334.84543,237.59094,-10.007268,141.9177,233.99547,8.082819,336.79843,243.75418,-9.323246,147.66953,245.25925,10.235876,348.3513,253.21889,-62.88624,111.31898,243.92685,-29.898209
00000138.jpg,513.3287,335.0323,-136.34695,494.64746,339.64053,-107.995255,493.5577,341.93253,-108.11466,492.43378,344.32816,-108.04807,495.24713,340.32425,-166.17024,494.42548,343.06894,-166.18196,493.4934,346.07962,-166.24046,490.02664,374.533,2.2347875,490.7804,375.36353,-258.979,526.28076,352.55994,-91.8543,525.372,353.68234,-167.22704,519.5181,437.22733,143.72603,541.1333,432.66946,-371.29053,546.88367,316.43463,178.63322,558.01605,305.8373,-500.22147,541.3144,212.3193,58.433445,544.9607,203.31604,-479.2841,539.2394,178.97263,38.592228,543.5278,167.23795,-542.9169,530.3149,179.72787,16.645922,533.41656,168.95068,-527.852,529.9548,191.93759,40.70443,532.08124,183.40839,-474.39557,498.71082,673.4423,181.77686,547.6463,682.08203,-181.99808,362.37216,770.2729,201.17189,715.75275,690.47784,-86.97693,220.59598,850.70953,242.6372,734.01685,875.85016,73.80555,197.77603,867.6271,249.22827,717.4443,907.20795,91.136894,201.34253,887.42413,190.26309,809.6576,904.53125,48.065506
00000139.jpg,591.90717,200.0136,197.4961,596.219,184.94478,151.44215,596.357,184.66533,151.42143,596.21643,185.34064,151.26622,602.3794,184.1062,165.67757,605.2521,183.57112,165.76614,607.43475,182.97182,165.68532,611.97095,188.2515,16.562048,628.2247,186.96286,83.06471,597.8352,214.86,160.39818,602.03076,215.27643,178.78853,574.08154,255.80876,-60.587414,716.597,247.44543,65.01417,454.7482,245.72601,-122.29729,855.0062,246.51785,10.812083,321.93884,232.41362,-114.56597,974.1389,248.98657,-81.543625,288.56003,233.10895,-162.04164,1010.6817,251.61435,-120.050385,283.5321,228.3709,-145.99745,1009.63306,243.29251,-116.144775,298.31387,228.11661,-107.09706,992.39923,242.97792,-80.12876,649.6918,486.04346,-76.87726,718.48285,472.81854,75.75045,491.4245,580.0977,-21.594612,847.7675,586.80743,141.89172,450.37875,763.2763,69.069626,967.92377,726.1038,190.08173,460.6533,787.4306,82.79015,975.5874,749.62384,198.09406,365.21927,767.85004,61.679905,976.4797,753.7577,153.12256
00000140.jpg,556.0334,416.80713,-202.13904,548.2074,405.5552,-178.60155,547.0462,405.60852,-178.64641,545.74915,405.72708,-178.53215,545.1764,405.78564,-196.666,542.1572,405.9372,-196.61577,538.91205,406.10083,-196.48514,527.694,413.33002,-68.28959,518.0719,413.4241,-152.39743,551.0372,431.7555,-163.2159,547.0345,431.92932,-187.6485,571.37537,478.86108,-30.108654,450.82877,484.22678,-142.05748,660.3322,482.1739,-24.113556,361.5663,485.06323,-202.76915,734.3811,481.3123,-149.04646,273.73944,479.04437,-289.5652,760.46454,485.8224,-167.8498,245.73914,479.3328,-309.60968,763.5328,480.285,-210.02948,242.79791,477.32437,-347.62463,753.77844,478.75476,-174.15784,253.19954,478.9018,-311.692,557.51996,657.41003,34.649307,490.34018,661.98083,-34.693264,683.2724,664.7324,-116.61136,376.01523,733.34875,-97.94233,702.82043,800.8017,-18.296621,266.2859,803.4824,-54.664345,691.0981,823.676,-13.981333,253.25247,813.5017,-55.41217,766.43835,827.4334,-99.00212,244.39142,833.81055,-167.11197
00000141.jpg,687.352,89.03011,-288.87695,699.972,72.36703,-290.72046,704.53406,71.44465,-290.7638,709.70496,70.61398,-290.58737,694.159,73.105644,-258.0422,694.6659,72.512596,-257.97174,695.365,71.74928,-257.8773,737.2499,77.25665,-254.96735,716.5701,76.727295,-97.67267,702.1799,106.75866,-274.63452,694.42474,107.294624,-229.1722,820.83734,171.95473,-226.14948,670.9247,172.64362,-21.833632,957.9011,165.44942,-298.47925,538.79785,144.19017,-20.872726,1086.281,148.82382,-412.4903,418.63275,119.84007,-189.23907,1124.428,147.41763,-440.81232,386.81943,109.562126,-220.34392,1128.9672,143.21985,-496.33105,382.2661,108.771835,-274.8978,1110.7424,144.92455,-442.38278,396.34894,114.721924,-224.80151,797.1238,414.75217,-87.755165,706.9453,413.00906,87.37605,937.6102,531.86945,-195.9955,525.65845,465.03998,-136.31451,1096.9714,650.8962,-89.91327,468.88434,651.29596,-41.672016,1122.1077,661.58154,-90.222404,478.33856,687.67017,-42.03193,1094.1633,708.5899,-304.88626,381.14835,684.9311,-208.26125
00000142.jpg,207.28838,59.507416,79.31431,203.59947,54.06912,63.935135,201.61206,53.869392,63.90805,199.5334,53.626255,63.852848,208.83452,54.188816,58.35526,210.30072,54.161022,58.380035,211.84425,54.096703,58.416107,195.95348,55.457985,18.497568,212.79645,56.412632,-4.7454867,204.65561,64.63031,67.11016,209.7587,65.209915,60.065567,170.19302,91.09627,28.069126,227.17703,90.36202,-59.500874,120.923164,91.27627,15.948147,273.64212,89.158264,-76.29065,75.99735,89.813965,-14.415187,323.64554,85.388794,-63.30562,60.358578,91.83187,-23.919525,337.7761,87.23252,-77.7072,59.686897,88.54857,-25.765455,338.6178,84.316826,-68.61625,65.55639,87.88842,-14.653255,333.1572,83.82393,-57.888668,183.67796,181.44333,51.60071,214.4194,184.02989,-51.916927,175.33215,200.79942,159.34789,285.03137,193.77562,-29.18033,185.08885,241.67917,253.65254,282.6792,263.97754,-2.2681527,184.65149,247.6865,264.56555,274.36194,275.06506,2.0726368,189.54082,252.38492,285.5731,305.698,275.55237,7.780238
00000143.jpg,194.8109,59.636414,-117.70514,190.78313,51.274006,-101.485306,190.81685,51.03872,-101.52454,190.70178,50.72149,-101.50392,186.93538,51.70902,-109.52134,184.26952,51.956,-109.49773,181.36768,52.25978,-109.40407,179.98361,55.182236,-29.699854,168.05257,57.77911,-67.30694,194.27582,68.85244,-92.74331,189.1427,69.53292,-103.72221,210.06592,100.06132,-21.144773,128.00783,99.966225,-55.758835,275.91132,95.54254,-27.912878,67.65578,98.451454,-82.36503,328.34396,92.591675,-99.74841,15.142303,97.93237,-143.23416,347.22824,90.419846,-116.64563,-0.9280765,95.99607,-155.74997,349.61163,89.615135,-141.642,-1.4613533,96.80661,-183.96808,342.2749,91.79492,-115.43567,5.031545,99.12456,-159.51689,186.14961,224.26979,10.792368,135.97948,221.41951,-10.757728,278.04428,257.94965,-93.47778,75.71814,289.6826,-59.54217,276.59387,349.29562,10.755076,11.383553,348.3621,9.748005,265.03906,362.5898,17.293175,5.8451986,357.6553,12.303536,309.3915,371.5463,-40.64383,0.8340812,365.22983,-71.50786
00000147.jpg,457.9252,143.08981,-226.22693,469.8244,129.48663,-216.6719,474.47238,129.07945,-216.71907,479.05588,128.98509,-216.54385,463.4955,130.32886,-198.8217,463.26743,130.3938,-198.81221,463.11368,130.45323,-198.74849,501.6185,137.49013,-154.52734,480.50772,135.33058,-67.08215,469.13892,156.88007,-204.44756,461.17422,156.88525,-178.94104,566.12616,207.46431,-127.56102,438.99768,209.75627,-22.385946,675.80756,195.85094,-168.77,333.8685,210.4052,-23.574806,763.7466,197.38805,-281.9811,244.03479,201.32355,-164.37245,792.0972,197.80159,-308.86044,214.73232,198.65509,-198.35945,794.4765,194.02707,-348.20914,211.50842,197.15442,-238.96729,784.327,195.7958,-305.48215,221.92924,199.02425,-193.22911,554.9878,404.76767,-54.657948,477.58252,408.44272,54.662373,657.224,512.4356,-130.32149,342.9274,461.78247,-111.10252,769.2426,611.274,-53.017323,309.36307,612.21204,-10.651808,787.1101,626.3113,-55.058,323.7369,636.2851,-8.369194,761.1483,646.89984,-232.87502,242.59918,638.45026,-132.9959
00000148.jpg,146.13983,35.249332,-123.17778,151.79271,30.375517,-123.2281,153.34839,30.471292,-123.24619,155.03577,30.643923,-123.17874,149.52531,30.55443,-111.64333,149.4131,30.718403,-111.623985,149.26237,30.875574,-111.58981,165.07475,36.667816,-108.326126,154.70871,35.121723,-52.530334,150.05316,43.12619,-117.623474,147.00832,42.684116,-101.43137,193.52611,71.402435,-106.33971,132.10442,73.15668,-16.06723,240.13817,64.88874,-136.01031,87.41686,65.46092,-9.369228,284.1704,58.41653,-177.7622,44.688473,60.213844,-69.2584,296.9385,58.520176,-189.51634,31.386143,60.4293,-79.05625,298.2892,56.321262,-208.93793,29.61652,58.906853,-99.365974,292.88016,56.824944,-188.99362,34.65924,59.572495,-82.4558,185.73802,160.58247,-40.051308,151.76637,159.20203,39.966274,240.25723,202.7567,-83.828705,86.42945,167.90892,-32.657253,298.309,239.42389,-34.99294,92.46487,235.79285,31.918653,306.83234,243.95534,-33.369915,99.14807,248.10886,34.7023,297.54053,258.55524,-108.28067,57.907894,247.97838,-16.759174
00000149.jpg,283.66138,361.8981,-350.17993,292.31393,351.5745,-343.01147,296.5102,351.76212,-343.10544,300.95383,351.94373,-343.0332,284.14502,351.31317,-326.26294,282.27423,351.40247,-326.2146,280.18524,351.5051,-326.17123,318.28134,358.38165,-272.78256,289.43286,358.38068,-189.43083,296.02713,376.49792,-323.09445,285.3226,376.59146,-299.07858,391.4134,418.4033,-218.79935,263.20847,430.85376,-105.753914,493.6881,431.64,-237.86244,175.9832,444.48434,-99.40224,600.0422,425.5659,-360.38892,96.76192,425.97784,-214.49915,627.44275,425.58673,-383.60687,70.8148,422.87057,-238.32559,631.52954,417.96863,-427.63998,69.36484,417.71954,-277.84537,620.1043,420.39816,-384.31876,78.88865,419.43103,-240.15042,390.82855,596.7355,-56.043877,314.16733,596.48444,55.854034,499.44012,697.6948,-133.41225,192.33797,647.01306,-112.29212,600.9269,789.65906,1.7050089,192.24661,773.69867,31.436195,613.1264,797.17163,7.0276747,209.01126,795.9683,38.95885,607.9754,837.4932,-156.96349,130.4442,800.8805,-73.27624
00000150.jpg,402.90118,391.68054,-513.396,409.8077,381.66333,-495.4991,414.0462,382.10275,-495.59262,418.40628,382.6309,-495.5345,396.72894,380.03802,-501.27264,391.6029,379.3454,-501.23077,386.7249,378.87616,-501.13544,421.3164,385.80118,-342.8359,379.03656,381.12027,-369.27316,409.6388,403.68686,-451.99255,392.48593,401.7464,-459.8588,445.9965,432.48758,-210.43636,335.3877,422.6414,-272.08508,532.7965,428.39832,-199.91103,252.30177,422.05762,-287.06897,607.22076,420.91965,-326.58154,165.82999,412.78345,-417.17737,633.43896,420.5441,-358.78488,140.60864,407.89847,-443.35162,636.73346,417.8319,-399.80194,139.06026,405.7214,-494.59128,625.1892,420.31735,-351.7921,148.50175,409.4382,-444.16287,398.48154,598.16455,23.393738,333.79166,597.7324,-23.333145,507.1271,647.89233,-205.85243,256.12863,684.3031,-81.144165,519.1384,764.7491,-52.21434,173.58797,762.73065,113.487015,508.28256,782.603,-43.22398,161.2676,777.1653,124.898445,561.5934,792.7659,-161.772,161.62407,796.5169,-11.763825
00000153.jpg,720.02435,468.21954,-149.91093,733.5503,453.39053,-149.31238,737.0795,453.19763,-149.35413,743.37805,452.19275,-149.21452,730.70276,453.40054,-126.11656,729.9478,453.91696,-126.0081,731.3537,453.91104,-125.933586,770.865,459.03275,-116.07115,750.6687,462.31168,-4.3941183,736.51733,486.89417,-137.454,731.0146,490.04086,-105.2646,864.8168,567.66693,-114.03806,707.4324,567.9821,44.447716,991.6285,563.6634,-151.7039,583.17883,557.2979,31.980335,1117.3883,566.8923,-284.55246,479.4433,551.5062,-76.063545,1153.7439,564.52527,-299.74948,446.4657,551.8491,-85.9921,1157.8785,562.2462,-351.9657,441.8476,547.7778,-137.5357,1142.2249,566.4172,-310.22552,454.3484,550.33813,-105.298546,842.04065,811.12103,-75.5696,742.5767,813.3776,74.99966,974.1848,912.4645,-203.6697,550.82086,833.0773,-91.75684,1121.2269,1019.7463,-50.591057,539.2152,1016.27655,50.927647,1141.2533,1038.9329,-39.239017,554.3687,1049.1077,59.71592,1123.9352,1060.2598,-184.58409,451.7107,1049.4921,-41.916435
00000155.jpg,699.27686,308.77274,-125.25316,690.903,298.90204,-104.05712,689.5995,298.94214,-104.09129,688.2214,298.9414,-104.00496,689.0405,298.90454,-127.225914,686.42334,299.06775,-127.20389,683.48474,299.27197,-127.07936,674.0418,305.1561,-3.7100892,666.83765,305.66455,-111.74606,695.2176,320.10724,-89.029274,691.97644,320.0344,-120.49125,706.6952,361.1769,46.987076,620.7149,358.51007,-125.06234,785.0286,342.4153,54.85457,536.09656,362.74994,-178.56279,848.4683,324.83063,-34.25991,454.1101,378.54324,-235.88364,871.9122,321.6833,-41.81373,430.31396,381.6577,-249.31635,874.431,317.85886,-74.5414,426.63702,381.45627,-279.7865,866.41895,321.71948,-54.171867,434.7659,382.76822,-251.78255,685.53174,503.60968,60.344055,632.6824,504.40155,-60.462013,802.6529,507.882,-43.741875,542.1492,575.46045,-126.81706,824.73584,620.7949,-22.735422,448.1452,627.0947,-82.71877,817.13873,643.87366,-25.11692,433.2555,632.8233,-80.98919,881.96014,641.1323,-95.12993,435.1459,652.71765,-170.56534
00000156.jpg,345.7179,126.52761,-82.95868,343.7184,121.727776,-71.79408,343.57086,121.69759,-71.81786,343.33557,121.68249,-71.790276,341.81802,121.59583,-79.01367,340.21063,121.48742,-78.989365,338.7236,121.38458,-78.921135,335.8299,123.60432,-20.78673,330.02435,123.31937,-54.72034,343.7996,132.2101,-64.94866,341.21912,131.87724,-74.84256,350.22583,149.96358,-4.2631702,302.2196,149.68768,-45.76867,387.98068,144.95757,0.83203244,266.51862,149.02168,-67.822784,419.66486,140.4669,-49.93727,230.72806,146.93094,-108.44579,432.00284,140.59094,-59.90069,218.66212,146.5875,-116.54649,433.06082,139.36415,-76.78034,217.42546,145.44139,-133.81627,428.23224,139.86443,-60.369873,221.59274,146.47621,-118.06804,345.74734,220.30714,14.1400385,313.47867,221.03293,-14.1173315,397.83148,236.1454,-64.792854,274.0876,254.3157,-54.833656,390.22455,286.15506,4.063836,229.0488,286.64526,-16.428995,382.80408,293.94055,8.231642,222.63647,291.91565,-14.700302,410.0029,302.3414,-28.723524,226.32806,302.04715,-62.93084
00000157.jpg,632.5105,185.59819,-268.3579,645.82367,169.57129,-269.43088,650.98474,169.7114,-269.44427,656.5359,170.04784,-269.21436,638.5239,169.95439,-237.36539,638.35596,170.08102,-237.32144,638.39874,170.21754,-237.2616,682.48987,181.81828,-232.16525,659.2157,179.61818,-79.323,645.3003,204.61517,-254.11307,636.0145,204.70421,-209.495,758.94635,279.79416,-200.74046,594.27374,266.4699,-25.62859,885.91345,270.9488,-278.6078,462.72717,257.02002,-23.107603,992.9971,251.1248,-383.64874,346.50827,242.69475,-203.92203,1029.6173,247.61798,-414.07465,307.4028,239.78989,-236.99313,1034.0327,240.8579,-463.122,303.83908,235.75386,-292.91113,1019.7251,244.50984,-413.95435,316.51907,237.89856,-241.11649,711.36786,527.3185,-73.860565,612.6292,523.28394,73.66647,860.0454,630.24084,-175.00757,438.45993,550.2494,-161.48123,1014.8348,731.8434,-32.807274,413.10193,741.54266,4.614055,1027.644,745.6567,-27.348314,431.50418,778.26746,11.9966,1046.0336,781.514,-205.6456,326.15536,779.5115,-141.50322
00000158.jpg,553.9577,223.23468,-314.6195,547.5398,200.14772,-278.45917,547.326,200.15994,-278.54984,547.0258,200.3409,-278.4601,539.39307,199.23282,-315.75684,533.0495,198.5735,-315.67822,526.01184,198.18538,-315.48413,517.16077,204.56346,-95.50292,488.07352,204.83559,-266.02914,545.0947,241.99695,-245.90889,532.50244,241.69212,-295.30722,568.26385,298.897,19.845984,399.61575,314.44702,-243.72562,672.6468,321.33896,106.01862,294.84634,358.8392,-297.17587,787.1725,339.60907,-57.386414,190.23639,396.7086,-418.09375,825.46436,348.3476,-85.22297,151.19383,412.43524,-459.03564,829.7782,348.31738,-157.47731,151.55661,415.64352,-522.4359,814.46234,348.05118,-96.99404,166.91652,414.3513,-451.24158,534.0375,554.683,83.140434,429.43945,552.5655,-82.92684,660.27405,665.7655,-52.520756,344.55664,695.83093,-127.58172,658.36206,830.6053,226.4973,244.73584,823.5565,141.98813,641.77075,860.2435,244.63159,233.7336,840.42523,159.29126,739.7203,870.33057,102.06375,232.17677,891.00006,-22.222937
00000160.jpg,216.2988,86.46606,-209.41162,224.84233,73.915115,-194.38773,230.29353,74.22591,-194.36395,234.12094,74.60437,-194.2475,210.1847,73.56564,-190.82953,205.03827,73.47283,-190.93929,200.53287,73.72812,-190.83217,246.3303,81.01759,-90.54296,198.84145,78.26326,-78.44978,225.98029,98.91863,-169.83366,208.45651,97.38367,-166.09332,266.86,133.7904,11.563344,180.09956,130.13554,-64.96978,310.2279,156.49554,204.17833,124.68538,137.26387,-218.69087,349.4785,170.80428,424.64133,71.38371,137.76584,-451.50833,361.3561,171.78125,462.5149,50.335384,141.53935,-494.67868,358.34048,173.42924,433.95386,52.820923,143.56963,-514.3909,353.7545,174.54037,419.63382,62.03362,144.65877,-470.64478,239.50946,298.11142,15.103607,180.67146,291.73972,-15.0693,264.16718,376.3211,155.36246,135.82881,371.1535,-184.45,302.23575,430.3044,395.6079,131.88617,477.14383,-103.87597,298.8715,441.8522,414.19867,140.67946,493.71765,-100.662056,338.62845,457.48233,357.47134,86.740456,504.52658,-210.15582
00000162.jpg,402.90118,391.68054,-513.396,409.8077,381.66333,-495.4991,414.0462,382.10275,-495.59262,418.40628,382.6309,-495.5345,396.72894,380.03802,-501.27264,391.6029,379.3454,-501.23077,386.7249,378.87616,-501.13544,421.3164,385.80118,-342.8359,379.03656,381.12027,-369.27316,409.6388,403.68686,-451.99255,392.48593,401.7464,-459.8588,445.9965,432.48758,-210.43636,335.3877,422.6414,-272.08508,532.7965,428.39832,-199.91103,252.30177,422.05762,-287.06897,607.22076,420.91965,-326.58154,165.82999,412.78345,-417.17737,633.43896,420.5441,-358.78488,140.60864,407.89847,-443.35162,636.73346,417.8319,-399.80194,139.06026,405.7214,-494.59128,625.1892,420.31735,-351.7921,148.50175,409.4382,-444.16287,398.48154,598.16455,23.393738,333.79166,597.7324,-23.333145,507.1271,647.89233,-205.85243,256.12863,684.3031,-81.144165,519.1384,764.7491,-52.21434,173.58797,762.73065,113.487015,508.28256,782.603,-43.22398,161.2676,777.1653,124.898445,561.5934,792.7659,-161.772,161.62407,796.5169,-11.763825
00000165.jpg,632.5105,185.59819,-268.3579,645.82367,169.57129,-269.43088,650.98474,169.7114,-269.44427,656.5359,170.04784,-269.21436,638.5239,169.95439,-237.36539,638.35596,170.08102,-237.32144,638.39874,170.21754,-237.2616,682.48987,181.81828,-232.16525,659.2157,179.61818,-79.323,645.3003,204.61517,-254.11307,636.0145,204.70421,-209.495,758.94635,279.79416,-200.74046,594.27374,266.4699,-25.62859,885.91345,270.9488,-278.6078,462.72717,257.02002,-23.107603,992.9971,251.1248,-383.64874,346.50827,242.69475,-203.92203,1029.6173,247.61798,-414.07465,307.4028,239.78989,-236.99313,1034.0327,240.8579,-463.122,303.83908,235.75386,-292.91113,1019.7251,244.50984,-413.95435,316.51907,237.89856,-241.11649,711.36786,527.3185,-73.860565,612.6292,523.28394,73.66647,860.0454,630.24084,-175.00757,438.45993,550.2494,-161.48123,1014.8348,731.8434,-32.807274,413.10193,741.54266,4.614055,1027.644,745.6567,-27.348314,431.50418,778.26746,11.9966,1046.0336,781.514,-205.6456,326.15536,779.5115,-141.50322
00000166.jpg,277.669,52.7507,-68.6626,281.72266,45.257492,-49.528755,285.04715,45.06975,-49.554058,287.3623,45.16879,-49.493996,272.8835,46.308647,-48.83162,269.57562,46.780613,-48.863567,266.78055,47.362957,-48.744503,291.48492,50.021706,37.357113,263.17282,51.73785,40.351418,283.63065,61.37994,-37.728024,273.14694,62.787033,-36.86433,315.4393,101.17244,50.764732,244.54523,104.33526,72.75874,341.3316,148.28041,-38.54431,215.79639,153.49677,-14.109156,290.01114,147.70187,-139.1714,269.11505,149.61661,-143.26825,282.25748,136.72134,-163.29936,277.93222,138.97368,-168.06686,282.4756,133.11491,-143.9699,278.23825,135.62837,-155.8689,284.20645,138.86917,-133.08528,276.8663,140.70288,-139.67458,301.92642,206.62283,-19.218128,254.64105,204.4003,19.202656,372.46268,258.8076,-82.52358,173.97124,222.47485,-115.058,439.1492,304.9132,1.4325949,167.09944,311.0017,-17.7997,443.22763,309.52832,8.931303,176.11424,326.52075,-9.2873,460.31723,328.96225,-61.647663,128.5074,327.80673,-77.70724
00000167.jpg,626.65753,164.43922,-172.95435,616.71484,151.63274,-147.83826,615.2468,151.50714,-147.90552,613.59644,151.37263,-147.84407,615.25714,151.8181,-162.01741,612.82605,151.82217,-161.9343,609.7746,151.86113,-161.78172,593.56726,161.23383,-40.10017,587.1988,162.64824,-106.32564,622.0543,178.74078,-135.58727,618.2893,178.34991,-154.86874,637.0346,236.239,-18.170517,525.2463,235.584,-96.16592,732.15454,221.10965,-17.300175,429.69827,237.09161,-145.8279,817.11,203.3233,-129.69948,335.402,233.0293,-233.63286,845.2256,205.18784,-150.29575,309.23676,227.51758,-251.11295,849.3006,201.12582,-191.06058,304.59787,224.52757,-291.32272,839.1538,202.5891,-155.281,314.5657,228.69685,-257.16525,621.44476,417.2455,24.646782,546.1622,420.16663,-24.67552,752.21484,448.10886,-138.13037,440.72916,512.1279,-72.7869,766.931,581.4865,25.029907,340.72607,582.79364,68.24636,752.7648,608.4938,35.251774,329.88412,594.11536,76.64823,826.7278,606.67596,-56.1811,317.77606,614.6229,-36.999775
00000168.jpg,345.7179,126.52761,-82.95868,343.7184,121.727776,-71.79408,343.57086,121.69759,-71.81786,343.33557,121.68249,-71.790276,341.81802,121.59583,-79.01367,340.21063,121.48742,-78.989365,338.7236,121.38458,-78.921135,335.8299,123.60432,-20.78673,330.02435,123.31937,-54.72034,343.7996,132.2101,-64.94866,341.21912,131.87724,-74.84256,350.22583,149.96358,-4.2631702,302.2196,149.68768,-45.76867,387.98068,144.95757,0.83203244,266.51862,149.02168,-67.822784,419.66486,140.4669,-49.93727,230.72806,146.93094,-108.44579,432.00284,140.59094,-59.90069,218.66212,146.5875,-116.54649,433.06082,139.36415,-76.78034,217.42546,145.44139,-133.81627,428.23224,139.86443,-60.369873,221.59274,146.47621,-118.06804,345.74734,220.30714,14.1400385,313.47867,221.03293,-14.1173315,397.83148,236.1454,-64.792854,274.0876,254.3157,-54.833656,390.22455,286.15506,4.063836,229.0488,286.64526,-16.428995,382.80408,293.94055,8.231642,222.63647,291.91565,-14.700302,410.0029,302.3414,-28.723524,226.32806,302.04715,-62.93084
00000170.jpg,720.02435,468.21954,-149.91093,733.5503,453.39053,-149.31238,737.0795,453.19763,-149.35413,743.37805,452.19275,-149.21452,730.70276,453.40054,-126.11656,729.9478,453.91696,-126.0081,731.3537,453.91104,-125.933586,770.865,459.03275,-116.07115,750.6687,462.31168,-4.3941183,736.51733,486.89417,-137.454,731.0146,490.04086,-105.2646,864.8168,567.66693,-114.03806,707.4324,567.9821,44.447716,991.6285,563.6634,-151.7039,583.17883,557.2979,31.980335,1117.3883,566.8923,-284.55246,479.4433,551.5062,-76.063545,1153.7439,564.52527,-299.74948,446.4657,551.8491,-85.9921,1157.8785,562.2462,-351.9657,441.8476,547.7778,-137.5357,1142.2249,566.4172,-310.22552,454.3484,550.33813,-105.298546,842.04065,811.12103,-75.5696,742.5767,813.3776,74.99966,974.1848,912.4645,-203.6697,550.82086,833.0773,-91.75684,1121.2269,1019.7463,-50.591057,539.2152,1016.27655,50.927647,1141.2533,1038.9329,-39.239017,554.3687,1049.1077,59.71592,1123.9352,1060.2598,-184.58409,451.7107,1049.4921,-41.916435
00000171.jpg,699.27686,308.77274,-125.25316,690.903,298.90204,-104.05712,689.5995,298.94214,-104.09129,688.2214,298.9414,-104.00496,689.0405,298.90454,-127.225914,686.42334,299.06775,-127.20389,683.48474,299.27197,-127.07936,674.0418,305.1561,-3.7100892,666.83765,305.66455,-111.74606,695.2176,320.10724,-89.029274,691.97644,320.0344,-120.49125,706.6952,361.1769,46.987076,620.7149,358.51007,-125.06234,785.0286,342.4153,54.85457,536.09656,362.74994,-178.56279,848.4683,324.83063,-34.25991,454.1101,378.54324,-235.88364,871.9122,321.6833,-41.81373,430.31396,381.6577,-249.31635,874.431,317.85886,-74.5414,426.63702,381.45627,-279.7865,866.41895,321.71948,-54.171867,434.7659,382.76822,-251.78255,685.53174,503.60968,60.344055,632.6824,504.40155,-60.462013,802.6529,507.882,-43.741875,542.1492,575.46045,-126.81706,824.73584,620.7949,-22.735422,448.1452,627.0947,-82.71877,817.13873,643.87366,-25.11692,433.2555,632.8233,-80.98919,881.96014,641.1323,-95.12993,435.1459,652.71765,-170.56534
00000173.jpg,771.95154,197.89615,-348.47537,767.79736,177.42264,-305.63263,768.30884,177.40369,-305.7501,768.66516,177.32123,-305.64987,758.99646,175.86548,-330.94138,751.6281,174.50311,-330.86844,744.868,173.48709,-330.62473,742.34827,184.38104,-102.445755,711.2121,182.14642,-221.82002,769.0809,219.39313,-276.30444,756.29987,217.88141,-310.97946,813.97205,296.7041,-41.459785,605.49713,300.17468,-181.81383,978.43567,276.7865,-46.937656,450.37,291.0845,-265.70023,1103.5862,265.88757,-241.87622,305.8582,288.80576,-435.47787,1152.0906,265.45703,-281.00714,259.4675,291.18863,-468.3276,1157.5437,263.8485,-345.30353,257.50195,285.62857,-540.87805,1138.2539,268.31546,-282.08148,273.42337,288.54398,-476.43695,755.9334,602.0459,49.39922,645.41406,592.86536,-49.361565,963.9405,693.3764,-178.55066,478.32477,768.03186,-166.26454,1007.1226,919.8795,-5.147366,298.91904,920.2707,-42.659027,985.17645,966.0556,1.1416619,278.1755,945.71796,-41.182026,1102.306,965.37506,-165.12357,277.27863,968.4441,-258.91608
00000174.jpg,572.65283,207.77844,-207.43365,584.2352,193.46353,-201.62965,587.5776,193.24138,-201.64188,591.8426,193.05716,-201.47855,579.6191,193.84526,-183.9154,579.9867,193.6832,-183.91267,580.39606,193.49722,-183.95007,616.18475,200.18462,-146.04572,600.3653,199.93407,-62.15748,584.246,221.9854,-186.5632,577.21075,221.90678,-161.82883,684.7002,272.9343,-136.0439,549.29987,271.10245,2.7005503,759.65906,293.23035,-247.62018,453.1644,269.04376,3.7901144,840.4973,292.30392,-430.21503,363.34772,267.23294,-98.72809,868.3943,290.86414,-463.69647,332.10538,270.64648,-117.33768,872.173,290.4055,-498.55557,331.311,267.0139,-154.74083,859.2856,292.6096,-453.94516,340.32086,268.36365,-123.51846,668.65265,460.10782,-62.61543,586.31396,458.71906,62.653194,762.90106,553.0858,-114.36069,464.26917,492.68536,-103.54066,854.1178,627.88074,12.020678,455.71548,626.51276,24.370914,865.81085,644.15826,19.029348,467.73392,651.2345,30.542593,864.7755,664.11755,-108.84311,389.15497,653.0839,-73.11034
00000177.jpg,574.76404,164.0676,-419.8368,593.78656,143.97389,-409.19205,603.0315,144.62804,-409.2514,611.19885,145.48444,-409.08984,577.81586,142.77655,-385.11212,574.7075,142.58333,-385.04272,571.5391,142.466,-384.99207,641.9346,153.35718,-292.3951,586.6896,151.79295,-174.24458,594.50696,187.92908,-373.23456,574.67584,188.35107,-339.32693,741.75604,263.05597,-196.38779,536.85364,273.82617,-58.682617,887.61566,269.4675,-233.9171,378.64215,269.4387,-100.70706,1013.6936,272.4348,-331.96555,236.50432,249.48106,-259.66995,1047.2584,271.1347,-344.329,195.47827,243.33896,-279.65762,1052.3284,265.0813,-410.83835,188.86842,231.78717,-345.803,1036.421,272.18863,-363.0598,201.05309,239.59694,-296.76416,711.37103,556.42236,-69.241264,583.85394,553.51965,68.834366,894.36127,711.3956,-277.27634,357.67612,613.51697,-238.01889,1083.0989,835.3135,-51.20085,373.04837,836.9544,15.609112,1103.1858,851.2965,-36.181473,395.7715,875.9295,34.275253,1131.6649,886.1708,-229.92657,260.29984,881.1337,-123.25752
00000179.jpg,609.22186,193.32945,5.6699033,619.2617,197.41428,-9.558568,619.81024,199.71698,-9.626183,620.50793,202.20636,-9.660809,619.51764,197.63292,31.286037,620.1974,199.8481,31.36104,620.9245,202.07225,31.538452,620.928,222.69183,-62.301422,620.1678,219.99913,129.28513,599.7382,205.52058,-14.123532,599.87244,205.76645,41.24118,591.8656,251.29294,-176.74255,583.54816,255.77383,211.17543,583.25616,159.26028,-311.09988,584.2606,164.96875,243.0035,594.70953,78.62254,-324.57092,594.4257,87.75255,139.36116,596.1948,55.342087,-379.58243,596.7598,64.29472,120.40636,605.8581,58.593163,-363.3433,603.1316,64.089134,98.419205,606.96344,66.719574,-322.13367,603.91125,72.30317,121.445045,567.9482,432.28806,-118.16987,532.80646,430.42676,118.31148,680.9733,514.78577,-219.409,402.18558,434.17468,13.67521,784.9489,586.9415,-141.9027,404.0944,564.5701,124.55023,806.29663,595.28656,-134.89165,416.63284,592.676,130.23578,789.2598,622.6091,-224.57063,337.91016,581.1807,66.06095
00000180.jpg,345.47867,122.97359,-70.40368,352.95496,115.74547,-95.27167,353.7301,115.776436,-95.34667,354.32434,115.709015,-95.4504,354.03745,115.507614,-69.739815,355.53275,114.55612,-69.70212,356.89682,114.3269,-69.76331,365.3228,121.49338,-155.99606,369.99454,121.90637,-38.40038,348.41763,133.11765,-86.33189,348.6545,133.0288,-52.856766,345.06775,152.81155,-208.4802,411.72476,174.71017,25.40467,270.08795,125.283356,-310.2958,483.8144,214.71555,18.543898,200.4538,84.63928,-345.17795,547.6867,246.27534,-14.658833,176.73491,78.79879,-385.0584,569.3285,256.75497,-25.667082,180.19525,72.82186,-369.83347,570.73615,255.68451,-30.929491,189.18138,74.9737,-339.50793,562.4255,252.96027,-17.312214,362.9045,305.25177,-81.84567,403.6477,297.9767,81.3162,247.5447,330.33417,-96.88475,499.19592,363.26773,120.79101,243.60841,450.36523,-16.61144,603.49866,428.8124,192.81433,256.84042,468.6647,-6.4730015,613.9005,431.69943,201.5888,194.38167,472.71875,-37.496014,625.5971,452.48624,175.69788
00000181.jpg,310.76846,377.31934,-384.4296,318.99808,369.3107,-365.2491,319.9863,370.15344,-365.39545,320.97263,370.97235,-365.46698,314.55792,363.41995,-378.03708,312.08163,359.569,-378.05045,309.17682,355.23093,-378.10193,312.3523,364.79507,-245.89833,292.9347,340.87433,-307.05753,301.76236,383.98672,-337.658,295.72995,376.07922,-355.1407,298.75403,415.458,-177.59995,234.8789,340.30908,-262.88675,319.27036,495.53787,-203.9852,269.0259,271.46283,-372.84875,340.46252,555.7626,-302.8949,317.97086,213.35349,-412.3984,348.32388,571.7902,-327.9838,335.64044,198.47566,-454.57578,345.62372,572.77045,-360.75153,340.96808,199.0786,-444.25043,340.92184,568.55884,-320.22986,335.25034,207.38817,-416.1883,249.77008,509.2009,17.904322,189.80046,508.88205,-18.083395,338.17224,580.8017,-39.85072,96.730255,560.95746,-235.8861,427.27432,657.7785,63.21459,142.94214,636.0524,53.11282,429.52216,674.252,71.5487,156.83017,649.26154,79.349434,461.23288,695.37946,-5.98579,101.725006,665.32965,16.218424
00000184.png,104.02517,173.97775,-78.20661,100.31448,173.28584,-65.72495,100.3138,173.45131,-65.745575,100.324066,173.56096,-65.6878,99.170204,174.8306,-77.48392,98.54093,175.9872,-77.51586,97.85548,177.16997,-77.48299,100.240555,179.61404,-13.863324,97.13531,185.09651,-66.87359,107.63218,179.31108,-59.576828,106.16362,181.4763,-74.94842,125.51108,182.70284,-29.388288,111.899895,221.50996,-44.600166,121.15808,143.1967,-70.12799,115.78483,266.50903,-63.863533,113.47671,102.319916,-118.026024,120.55958,308.35718,-92.210655,112.532875,90.38484,-134.79298,122.91473,319.03207,-94.010414,109.01377,91.18982,-141.52098,125.11277,319.3943,-111.62967,109.06186,96.18377,-126.791435,125.18703,316.0295,-100.62796,191.84253,238.14197,-26.217567,175.72047,246.58417,26.222366,246.6328,281.4879,-41.33325,113.74973,261.99957,50.429703,277.69583,329.0576,5.634951,101.49321,321.19104,110.49433,281.2103,336.20212,7.081459,101.65108,330.135,113.28556,276.68506,348.30167,-48.031532,66.9394,332.80414,75.14333
00000186.jpg,753.87244,270.0876,-34.9561,745.6247,261.03076,-12.284843,743.95795,261.14633,-12.384338,742.3261,261.21362,-12.333069,743.83026,261.32745,-55.323517,740.95447,261.65393,-55.319298,738.02277,261.96985,-55.246418,726.52795,270.16873,76.6074,722.07556,270.83417,-120.809525,749.44165,281.85425,-0.3123664,747.00446,282.69144,-57.914207,724.07574,323.52,160.42078,712.3036,321.58563,-237.14832,735.95166,242.89513,204.35411,739.09796,233.91408,-392.7192,756.5069,158.34985,68.24673,758.7928,143.37267,-405.58273,760.9443,135.22296,52.463974,764.47906,120.04867,-450.74277,755.9889,133.4374,23.032923,756.2405,118.63419,-429.83008,754.0857,141.23848,47.367485,753.9999,127.428406,-398.7396,753.8432,495.66452,113.29444,711.8151,498.52307,-113.27686,856.8599,557.66223,129.99225,619.81824,599.43274,-145.71703,859.208,676.15045,231.74873,531.18567,680.4137,-37.9063,844.7938,696.1301,234.80527,511.83133,689.00415,-30.251497,917.2077,694.60754,162.81079,538.74194,722.73206,-131.71774
00000187.jpg,258.43103,51.924717,-141.3994,266.13605,43.742863,-140.27945,268.84406,43.736446,-140.30295,271.95383,43.77843,-140.2071,261.8719,43.421722,-126.26695,261.4636,43.00216,-126.230354,261.0836,42.49991,-126.175514,285.73288,48.28491,-112.75388,270.0868,46.121677,-44.598915,265.65802,62.24481,-130.49919,259.96167,61.220936,-110.58455,330.9115,89.78054,-88.4716,241.52989,92.54726,-15.246569,403.88803,88.750565,-110.87094,170.87549,86.01556,-21.089119,467.78345,83.02728,-177.7594,109.854935,78.05826,-115.92971,484.31067,82.078186,-191.77982,90.229805,77.597565,-134.07907,485.773,79.71184,-223.70287,87.48297,74.35012,-162.59189,479.59717,81.38061,-195.44394,95.136345,75.61516,-134.8691,323.15466,223.91031,-37.925617,266.14163,217.97495,37.804913,403.316,285.7875,-88.92733,175.23831,231.6185,-63.962524,480.76797,340.14218,-29.056461,183.47844,335.30722,25.395994,486.3604,347.46347,-27.677504,194.35297,352.67804,29.962114,498.53958,366.3171,-123.16284,132.6912,355.4989,-36.276653
00000188.jpg,2841.0144,1345.5657,-981.73456,2875.184,1290.0309,-939.448,2891.3613,1287.0684,-939.4711,2914.4448,1284.2924,-938.53186,2838.9407,1295.9513,-886.3738,2830.842,1297.4556,-886.6314,2823.008,1299.2372,-886.5572,3008.455,1301.569,-594.71075,2878.6194,1319.13,-347.1304,2889.422,1405.8552,-846.3439,2849.0142,1409.3418,-772.9098,3244.8225,1585.4954,-96.93506,2755.421,1602.7579,-286.1375,3591.9023,1582.2618,724.2558,2375.2751,1555.1987,-373.27292,3874.1113,1605.8799,1657.0529,2068.7847,1546.677,-820.8352,3957.0298,1616.848,1835.812,1942.6484,1548.1028,-915.3749,3963.6477,1619.014,1684.6909,1941.3734,1545.7905,-1069.5981,3932.2495,1624.5294,1610.5198,1992.7562,1554.0111,-916.1775,3207.7766,2428.4622,-24.640364,2874.4048,2431.2356,24.869547,3441.1726,2793.0574,758.51715,2346.7122,2624.013,-1450.1663,3681.2551,3063.9827,2533.98,2368.5352,3266.823,-1085.8234,3680.4736,3127.6921,2695.6665,2433.4153,3372.8552,-1071.3234,3795.6138,3139.8098,2392.3457,2096.9229,3460.5735,-1709.7566
00000189.jpg,2190.7766,877.8032,-405.33484,2247.6562,882.6506,-393.72,2257.224,893.2019,-393.80173,2267.6672,904.5563,-393.37018,2232.1267,870.7751,-294.45572,2230.7688,872.27673,-294.2896,2229.5796,873.3089,-293.98376,2298.9219,987.8317,-308.8171,2246.1494,924.78345,149.25414,2178.54,945.21954,-383.83023,2160.6472,927.10724,-250.58723,2323.0703,1328.1738,-283.62497,2003.5856,1065.0195,117.5172,2391.8901,1719.5532,-439.81998,1981.7529,697.133,-30.219378,2512.696,2061.3254,-761.6467,2084.8796,361.39514,-330.33954,2539.299,2126.7207,-831.40375,2106.617,283.26202,-488.3811,2546.2053,2131.267,-999.22095,2141.0513,285.1244,-508.46246,2531.0122,2116.1208,-843.9884,2139.4248,317.71973,-390.0624,2034.9956,1869.4001,-106.297485,1765.6272,1840.5928,105.35542,2486.8098,2211.1672,-237.07425,1241.0261,1940.0276,-837.02313,2939.3647,2490.6758,324.93594,1167.8444,2484.5122,-437.17517,2984.419,2524.5217,370.24396,1208.953,2592.3464,-424.20407,3076.0137,2627.2937,36.466953,937.3161,2587.2969,-851.62305
